key_name,sample_value,label
id,0c34f4f6-3290-4a19-b64a-caf8661c4d54,uuid
val_id,670350,numeric_id
title_val,N/A,unknown
timestamp,2020-12-16T19:47:32,date_iso
Title,0.7682324051066467,unknown
name,N/A,unknown
val_has_access,true,boolean
RANDOM_KEY,unknown,unknown
updatedAt,2015-08-03T04:42:26,date_iso
uuid_val,f30a24c3-b04c-4f2e-8935-406081857e0d,uuid
Verified,0,boolean
name,Mario Mason,unknown
str_user_email,rdavis@example.net,email
enabled,False,boolean
random_key,We bank check.,unknown
str_verified,false,boolean
user_email_val,fosterrobert@example.org,email
url,http://levine.com/,url
USER_ID,84233,numeric_id
UpdatedAt,2025-02-28T20:15:51,date_iso
contact_mail,cwallace@example.org,email
EMAIL,laura33@example.com,email
str_id,0cd39d58-864d-400c-b380-b8855816f931,uuid
DESCRIPTION,unknown,unknown
email_address_val,myerspatrick@example.org,email
id,528612,numeric_id
name,Ryan Hardy DDS,unknown
description,N/A,unknown
user-id,8f31001d-ad50-4098-a588-9d22156183f0,uuid
ORDER_ID,808949,numeric_id
title,Robert Moore,unknown
val_is_active,True,boolean
random-key,Alexander Wong,unknown
val_user_id,627506,numeric_id
str_is_active,False,boolean
val_website,http://www.everett.org/,url
order_id,921476,numeric_id
updated_at,2017-06-23T01:11:56,date_iso
order_id,818673,numeric_id
customer_i,149923,numeric_id
email_address,rshaffer@example.org,email
id,13d5da05-79c9-4a8b-b5cd-75d33aa035d5,uuid
str_enabled,true,boolean
metadata,Method military remain street.,unknown
UPDATED_AT,2023-07-31T17:43:22,date_iso
Name,Ryan Steele,unknown
avatar_url,http://collins-cain.com/,url
order-id,252899,numeric_id
customerId,289023,numeric_id
metadata,0.6650681668826992,unknown
RandomKey,0.05750162103493017,unknown
GUID,c65d8077-dd05-4dc7-91e9-8491ce8d7120,uuid
RANDOM_KEY,N/A,unknown
date-of-birth,1975-10-03T19:48:44,date_iso
id,694543,numeric_id
contact_mail,charles34@example.org,email
ContactMail,thomas51@example.net,email
val_user_email,lambertfrancis@example.net,email
customer_id,167641,numeric_id
EmailAddress,richard58@example.org,email
customer_id,828652,numeric_id
email-address,lisa28@example.org,email
str_website,https://jackson-swanson.com/,url
name,N/A,unknown
str_title,N/A,unknown
RandomKey,Only it song as among.,unknown
user_id,142607,numeric_id
random_key_val,0.7348015430152688,unknown
contactMail,hpeters@example.net,email
str_enabled,True,boolean
val_url,http://www.odonnell.com/,url
str_order_id,723137,numeric_id
str_date_of_birth,1979-07-17T22:04:31,date_iso
RandomKey,Carlos Morris,unknown
val_order_id,248912,numeric_id
contact_mail,tprince@example.com,email
CreatedAt,1991-09-10T07:13:39,date_iso
id_val,0bda5ac9-c33f-459f-8b90-6049f400a8e7,uuid
HasAccess,False,boolean
random_key,unknown,unknown
uuid,fccfbaad-f061-4d62-b334-fac328dcc0b0,uuid
uuid,5cc0539d-47cc-43ae-baba-830d7c25c838,uuid
uuid,e18e0b24-930c-43d5-bcf1-dbff5e88cb05,uuid
email,henrywood@example.com,email
timestamp,1998-11-15T01:04:00,date_iso
val_description,unknown,unknown
val_link,https://edwards.com/,url
USER_EMAIL,brooksgregg@example.com,email
uuid,0148d3af-70d9-4bd8-983d-a901db6d438c,uuid
val_title,N/A,unknown
UserEmail,christopherglover@example.com,email
str_metadata,0.05564599183781971,unknown
isActive,false,boolean
metadata,Little fill cover pattern.,unknown
user_email,emilydavis@example.org,email
order_id_val,339477,numeric_id
str_timestamp,1976-02-23T15:07:38,date_iso
USER_EMAIL,tonya55@example.org,email
avatarUrl,http://knapp-campos.com/,url
Uuid,95dd7363-0f64-4db8-9a85-b025e91b67d1,uuid
id,633252,numeric_id
has_access,false,boolean
str_session_id,3795c754-a8a0-49d9-b900-bb33c05c9996,uuid
Metadata,0.5927900167645848,unknown
ID,9db7f126-0406-4e14-93c1-0bc59f28f1a8,uuid
userId,485138,numeric_id
verified_val,True,boolean
Email,dharvey@example.org,email
customerId,497836,numeric_id
str_random_key,Another purpose perform.,unknown
avatar-url,http://www.porter-berry.com/,url
customer_id,462049,numeric_id
VERIFIED,False,boolean
avatar_url,https://davis.com/,url
user_id_val,28cdb277-a7a9-48f6-a9b6-c3b995357ca2,uuid
user_id,405323,numeric_id
has_access,1,boolean
str_updated_at,1994-05-07T05:02:17,date_iso
str_link,https://lopez.biz/,url
isActive,True,boolean
id,4f8e048e-d92b-4b8f-8210-c39922259db7,uuid
guid_val,84882b5c-7272-43aa-9bc3-bdd283cf7253,uuid
Email,brandyvasquez@example.org,email
guid,43a60bd2-3ebf-46cb-9b3b-e58de7cbbdb3,uuid
website,http://krause.net/,url
email_address_val,olsontara@example.org,email
timestamp,2013-01-15T11:22:29,date_iso
order_id,305047,numeric_id
order_id,67409,numeric_id
customer_id,788911,numeric_id
val_random_key,N/A,unknown
description,Charge want six natural.,unknown
CreatedAt,2007-04-10T10:55:11,date_iso
link_val,http://www.tran-young.info/,url
str_session_id,f9b5dc92-10e5-4c23-b795-7d3240499c6e,uuid
str_email,sjimenez@example.org,email
description,N/A,unknown
url_val,http://www.meyer.info/,url
id_val,558ab7f9-dbf7-4b93-9150-e6f0db43319a,uuid
metadata,0.0381652930156865,unknown
verified,true,boolean
title_val,Fernando Ayala,unknown
Email,scottkirby@example.com,email
Url,https://johnson-mendoza.com/,url
order_id,403241,numeric_id
val_email_address,johnreed@example.com,email
GUID,1ef6f879-d1cb-48c5-9105-e59eff0f751d,uuid
user_id,95291,numeric_id
str_avatar_url,http://odom.com/,url
date_of_birth,1976-03-03T05:34:29,date_iso
session_id,57428913-1fae-4b3e-84f3-08e08854b920,uuid
val_customer_id,602668,numeric_id
email,richardgonzalez@example.org,email
isActive,True,boolean
session-id,fac22960-6866-43d0-9cdb-e610c74ec676,uuid
link,http://stone-hernandez.biz/,url
random_key_val,Jordan Morrow,unknown
metadata_val,0.08422898037416782,unknown
val_random_key,Matthew Ingram,unknown
str_random_key,N/A,unknown
val_verified,0,boolean
USER_ID,652868,numeric_id
ContactMail,grobles@example.org,email
str_user_id,163ef06d-f301-4d52-990f-4a1cce9014e1,uuid
random_key,N/A,unknown
CUSTOMER_ID,999911,numeric_id
GUID,19741c91-cb2d-49ac-99eb-e79c02f578bc,uuid
str_customer_id,920662,numeric_id
str_guid,91b6e78f-2971-433e-8741-d21e6918a764,uuid
Title,0.3428143535470147,unknown
val_contact_mail,antonio73@example.org,email
created-at,1973-09-22T22:38:27,date_iso
url_val,http://www.jackson.com/,url
uuid,374067ac-4611-4fe2-9a60-a15f79d77d81,uuid
str_link,https://www.keller-ramirez.info/,url
Email,edwardsharold@example.com,email
Metadata,N/A,unknown
userEmail,kathleen67@example.net,email
user-id,a99c0277-dade-4635-bbc5-8aad2e81b880,uuid
str_website,https://www.ward.net/,url
id,881067,numeric_id
updated_at,1994-10-01T05:09:14,date_iso
val_link,https://www.mathis-miller.biz/,url
random-key,Tammy Bowers,unknown
is_active,True,boolean
metadata_val,0.06347013023781123,unknown
link_val,https://www.warner-ford.info/,url
email_val,eric27@example.org,email
WEBSITE,https://www.williams-navarro.com/,url
ContactMail,clarkfelicia@example.net,email
str_website,http://johnson-baker.com/,url
val_random_key,Professional gas someone fear side develop.,unknown
Email,lawrenceroberson@example.net,email
str_title,Need participant movie reveal test.,unknown
val_id,204490,numeric_id
description,Name information television number fine year authority suggest.,unknown
id,509591,numeric_id
session_id,edfbbcad-50e0-4ed4-938a-75bfe66f2b14,uuid
ORDER_ID,391367,numeric_id
title_val,Caitlyn Castro,unknown
email,ybradley@example.org,email
name,unknown,unknown
user_email_val,oharper@example.com,email
created_at_val,1997-08-01T02:04:33,date_iso
created-at,1970-03-04T09:39:47,date_iso
url,https://wilson.biz/,url
avatar_url,http://www.lewis.com/,url
title,0.3291575642622204,unknown
contact_mail,barnessharon@example.org,email
str_guid,15570816-c957-4def-8689-e1374798b66a,uuid
timestamp,1973-10-21T20:37:25,date_iso
contact_mail,cgordon@example.net,email
random_key,Tracy Sparks,unknown
Description,Johnny Murphy,unknown
str_uuid,05492a2b-582e-49f8-bfef-37721b86795c,uuid
str_id,c69c4be8-6764-4467-8723-fc1bdb9ae507,uuid
is_active,false,boolean
UPDATED_AT,1981-06-12T02:50:08,date_iso
str_website,http://rodriguez.biz/,url
contact_mail,robertconner@example.net,email
IsActive,True,boolean
link,http://smith.com/,url
email_address,jonathanrussell@example.com,email
IsActive,False,boolean
has_access_val,False,boolean
Metadata,N/A,unknown
NAME,N/A,unknown
val_user_email,carrie14@example.org,email
random_key,N/A,unknown
Name,unknown,unknown
str_avatar_url,https://www.yates.com/,url
Email,michael55@example.com,email
ORDER_ID,739038,numeric_id
user-id,898134,numeric_id
customer-id,684136,numeric_id
uuid,d6132203-5fca-4f3d-b2d5-9c2f2a787b73,uuid
enabled,1,boolean
title,N/A,unknown
str_link,http://horn.com/,url
val_description,Middle alone long argue blue world picture.,unknown
val_title,unknown,unknown
val_created_at,1984-05-06T22:59:27,date_iso
link,https://www.young.info/,url
str_url,https://harrington.com/,url
randomKey,Jose Mueller,unknown
metadata,N/A,unknown
TITLE,0.8181826493004603,unknown
DESCRIPTION,unknown,unknown
url,https://roberts-hudson.info/,url
CustomerId,293389,numeric_id
link_val,https://smith-rice.com/,url
description,Charles Walton,unknown
str_random_key,0.6096909509944964,unknown
link,https://lowe.com/,url
user_email_val,jonathangreen@example.com,email
metadata_val,Andrea Young,unknown
date_of_birth_val,1973-10-01T09:54:33,date_iso
contact_mail,brownjean@example.org,email
url,http://becker.com/,url
name,N/A,unknown
verified,0,boolean
url,https://www.davidson.net/,url
description,Ago down everybody yes all son.,unknown
session_id_val,de94084e-c62e-4d7a-93bb-37403f0eb62f,uuid
DateOfBirth,2022-07-24T15:30:57,date_iso
str_link,https://johnson-carey.com/,url
val_description,0.9751096769951098,unknown
id,130320,numeric_id
Id,824806,numeric_id
link,https://green.info/,url
str_customer_id,120517,numeric_id
customer_id,261170,numeric_id
enabled,true,boolean
random-key,To sign head important much order he discussion.,unknown
email_val,jenniferlove@example.org,email
id,4b16b712-f99a-4ed0-9f5f-b5e5b38a6b3a,uuid
randomKey,0.2695774308321123,unknown
email,lucasdavid@example.org,email
metadata,unknown,unknown
LINK,https://molina-hernandez.net/,url
str_metadata,0.11907757216981951,unknown
emailAddress,kthompson@example.com,email
descriptio,0.07188991770526532,unknown
DESCRIPTION,N/A,unknown
RandomKey,0.7356583732945697,unknown
str_description,Dominic Nixon,unknown
DATE_OF_BIRTH,1990-07-08T15:46:06,date_iso
session_id,0c7421be-f1b1-4802-9456-0d1f7ed26083,uuid
RandomKey,N/A,unknown
str_user_id,326747,numeric_id
Enabled,false,boolean
str_name,N/A,unknown
avatar-url,https://gardner-taylor.net/,url
UserId,436484,numeric_id
updated_at,1997-12-30T06:29:19,date_iso
NAME,unknown,unknown
randomKey,So what affect.,unknown
val_user_email,sean84@example.net,email
link,http://www.anderson.net/,url
userEmail,williamsbrandy@example.org,email
name,Phone old whom within.,unknown
Verified,False,boolean
website,https://taylor.biz/,url
DESCRIPTION,Ricardo Dominguez,unknown
SessionId,d35356db-0326-4090-8b13-a8de8566b876,uuid
metadata,Federal mouth perhaps conference.,unknown
TIMESTAMP,1998-08-03T13:30:52,date_iso
dateOfBirth,2025-02-01T08:46:07,date_iso
link,https://mcguire-miller.info/,url
AvatarUrl,http://www.valenzuela-mccormick.com/,url
order-id,95178,numeric_id
created_at,1981-12-06T03:08:56,date_iso
str_has_access,false,boolean
Url,http://www.rivera-hoffman.org/,url
avatar-url,https://martin.com/,url
order_i,332696,numeric_id
enabled,0,boolean
order_id,936266,numeric_id
UserId,659b4c89-b9ec-4ecd-89e0-69acf13e8763,uuid
WEBSITE,http://www.morrison.com/,url
Name,Since clearly finish sister.,unknown
is_active,False,boolean
title_val,0.5648439967204053,unknown
isActive,true,boolean
LINK,http://www.white.org/,url
nam,Live word least fire yes.,unknown
ORDER_ID,752117,numeric_id
updated_at,1978-12-21T04:25:56,date_iso
Url,https://www.allen-alvarez.org/,url
TITLE,unknown,unknown
user-email,alicia10@example.org,email
website,https://mcbride.com/,url
name,Emily Bartlett,unknown
user-id,7c33eef3-e4b3-4d63-b673-f74f4bfe8340,uuid
val_title,Cost once what whose parent able.,unknown
str_name,Toni Dyer,unknown
val_user_email,armstrongnathan@example.com,email
email_address,jenniferclark@example.net,email
str_link,https://www.forbes-nichols.net/,url
enabled_val,true,boolean
val_link,https://booker.info/,url
enabled,True,boolean
title,N/A,unknown
random_key,Much appear their PM voice since anything.,unknown
Name,unknown,unknown
user_email_val,vanessadavis@example.org,email
name,0.05561217150760078,unknown
Verified,0,boolean
TITLE,unknown,unknown
user_id_val,50b14cea-67cf-41e3-be30-e7fe4892c28a,uuid
link,https://www.massey.com/,url
val_avatar_url,http://parker.net/,url
contact_mail,browndavid@example.net,email
guid,18a2f812-f86b-4d27-80d0-7947e6035433,uuid
link,https://www.parker-jones.net/,url
UUID,995f6e2a-598d-49f7-8427-f4816a1c6e91,uuid
email,brianfoley@example.net,email
id,525678,numeric_id
Id,672401,numeric_id
Timestamp,2023-05-08T05:15:24,date_iso
avatar-url,https://gonzalez-ortega.com/,url
Name,0.7728882820528847,unknown
name,unknown,unknown
USER_ID,c5a5906b-c29c-49b6-9ae2-59cbe2cbeab7,uuid
HAS_ACCESS,1,boolean
enabled,False,boolean
UserId,923826,numeric_id
hasAccess,false,boolean
RandomKey,Professional difficult knowledge inside.,unknown
NAME,N/A,unknown
DATE_OF_BIRTH,2015-06-27T10:03:55,date_iso
uuid,21825c3f-2922-4df2-929e-1fdc055f4bdd,uuid
enabled,true,boolean
random_key_val,Joshua Coleman,unknown
title_val,N/A,unknown
website,http://cooper.biz/,url
website,https://www.gay.com/,url
timestamp,1977-10-22T03:09:05,date_iso
name,Samantha Carter,unknown
url,https://www.watkins-cox.com/,url
title_val,Jacob Washington,unknown
str_user_id,770711,numeric_id
LINK,http://www.johnston.info/,url
id,3646c319-b2ba-4a71-82f8-d86e5a056791,uuid
date_of_birth,2008-12-22T13:44:49,date_iso
session_id_val,16fd412d-049d-49c0-89a4-39b090dfcc0d,uuid
email_address,wrighttonya@example.com,email
user-id,656155,numeric_id
metadata,0.8503055589352658,unknown
user-id,556054,numeric_id
val_name,Age begin worker another possible.,unknown
HAS_ACCESS,true,boolean
val_random_key,N/A,unknown
avatar_url,http://young-morales.biz/,url
name,Paula Smith,unknown
Timestamp,1978-05-20T20:17:56,date_iso
contact_mail,odaniels@example.com,email
uuid,c23cc767-7fdf-4e91-8d4c-adf83e05e402,uuid
randomKey,unknown,unknown
enabled_val,0,boolean
val_user_id,697204,numeric_id
val_user_email,gjohnson@example.net,email
session_id_val,89545ed9-09a7-4822-b1a6-326738057ae7,uuid
createdAt,1995-12-07T03:12:07,date_iso
str_avatar_url,https://www.richardson.com/,url
str_avatar_url,http://www.booth.com/,url
verified,false,boolean
name,End individual after professor respond want.,unknown
val_website,https://powell.biz/,url
id,188bf1a4-61a5-49d1-892b-6b8b08f3b595,uuid
order_id_val,254872,numeric_id
verified,0,boolean
user_id_val,333943,numeric_id
EMAIL,smartin@example.com,email
date_of_birth,2008-05-27T17:33:18,date_iso
random_key,Geoffrey Evans,unknown
guid_val,1ac082a8-ab47-4d4d-9263-427fb1aa4722,uuid
email,sduran@example.net,email
val_user_id,547552,numeric_id
str_title,unknown,unknown
str_random_key,N/A,unknown
uuid_val,d710789f-9175-414d-b1b5-072dbe1cc65e,uuid
updated_at_val,2018-02-26T13:23:28,date_iso
avatar_url_val,https://holland.com/,url
user_email_val,nguyenchristopher@example.org,email
hasAccess,false,boolean
metadata,N/A,unknown
description,0.6194877337981892,unknown
website_val,https://harper-evans.com/,url
str_user_id,811fcf30-8c36-4bc7-adf8-f5aceb24476b,uuid
UserId,3e929749-312c-4b43-936c-5a9fa6ee19ff,uuid
str_session_id,721a1765-cda4-491e-b19f-bfd9819c25c3,uuid
title_val,N/A,unknown
UserId,9e38fb2f-5295-40ca-8398-c4cdee9da36b,uuid
ID,93287c4d-a6a0-4f42-afcd-450246f6222f,uuid
verified,0,boolean
metadata,N/A,unknown
RANDOM_KEY,unknown,unknown
customer_id,101940,numeric_id
str_enabled,False,boolean
TITLE,Whom wait maybe.,unknown
user_email_val,yrich@example.org,email
title,unknown,unknown
avatar-url,http://garcia.com/,url
str_avatar_url,https://stanley.com/,url
is_active,1,boolean
enabled,True,boolean
CONTACT_MAIL,stephenalvarado@example.net,email
name_val,0.9005154109387922,unknown
str_email,zdiaz@example.com,email
userEmail,andrewmorton@example.net,email
metadata,William Murphy,unknown
DESCRIPTION,unknown,unknown
TIMESTAMP,1996-12-21T14:06:52,date_iso
TIMESTAMP,2008-05-11T04:29:35,date_iso
timestamp,1995-06-29T03:20:28,date_iso
user-id,397628,numeric_id
Id,283953,numeric_id
str_id,34130e0d-171d-47cb-a844-5be88dc14c00,uuid
description,Cody Freeman,unknown
updated_at_val,2016-04-07T19:06:48,date_iso
user_email,jeffrey24@example.org,email
val_created_at,1982-05-27T00:34:44,date_iso
date_of_birth,2020-03-04T20:56:58,date_iso
Description,Lee Murray,unknown
TIMESTAMP,2007-06-29T07:06:00,date_iso
verified_val,0,boolean
val_user_id,f1ab549c-adb9-4cc5-b477-ff1a5c2afac9,uuid
val_link,https://www.smith-garcia.com/,url
uuid,9b411537-c4eb-4e83-828d-e9a9f6c1a26b,uuid
isActive,0,boolean
user_email_val,ryancollier@example.org,email
avatar_url,http://levine-carr.com/,url
EMAIL,ogomez@example.com,email
UserEmail,gordonjeffrey@example.com,email
id,0bc6c8c7-3404-4916-8f46-42be075fd69c,uuid
metadata,unknown,unknown
email,john46@example.org,email
has_access_val,1,boolean
UserEmail,margaret76@example.com,email
str_user_id,81540,numeric_id
avatar-url,https://mcbride-beasley.com/,url
Metadata,0.4994189101258053,unknown
Website,https://burton-hernandez.com/,url
str_metadata,0.6558525387795399,unknown
created_at,1993-02-03T12:08:00,date_iso
RANDOM_KEY,unknown,unknown
str_name,Marvin Brown,unknown
uuid,02f4e380-3062-46ba-8d4c-271603d9b9f4,uuid
user_id,825588,numeric_id
val_contact_mail,moralesedward@example.com,email
DATE_OF_BIRTH,2020-11-24T12:14:08,date_iso
DateOfBirth,1998-09-07T18:01:52,date_iso
Email,mwright@example.org,email
val_description,Benjamin Walker,unknown
order-id,18140,numeric_id
metadata,0.012894433403786154,unknown
metadata,N/A,unknown
random_key,Steven Anthony,unknown
description,Alison King,unknown
timestamp,1989-02-14T04:54:49,date_iso
Name,unknown,unknown
title,0.793354853523959,unknown
VERIFIED,False,boolean
url,https://www.jensen.com/,url
description_val,Julia Taylor,unknown
hasAccess,1,boolean
TIMESTAMP,2018-08-30T21:54:51,date_iso
description,Sister professional manage now.,unknown
hasAccess,True,boolean
user_id,926edb5d-9d37-4ed9-a87f-6c7246194c29,uuid
user_id,968321,numeric_id
val_name,unknown,unknown
website,http://www.scott.com/,url
is_active,0,boolean
has_access,0,boolean
METADATA,N/A,unknown
val_guid,a284e0d9-4696-4d81-ab41-f36a8b36cb28,uuid
val_email_address,griffinandrew@example.com,email
session_id,e5748435-5c05-4cfd-8559-36a2cfb71f36,uuid
val_email,daniel31@example.org,email
contactMail,ismith@example.org,email
timestamp_val,2017-03-09T11:04:01,date_iso
val_metadata,0.6480744646372045,unknown
avatar_url,http://smith-haynes.biz/,url
title_val,N/A,unknown
val_metadata,0.8329471501534482,unknown
str_title,0.043216811152679724,unknown
order_id,18649,numeric_id
val_title,unknown,unknown
guid,194557a4-23ff-45a0-89c0-a459776fe10e,uuid
website,http://www.callahan-spencer.net/,url
has_access,False,boolean
val_title,N/A,unknown
avatarUrl,http://horn-wallace.net/,url
timestamp,2001-05-16T14:54:19,date_iso
val_created_at,2014-02-15T19:39:17,date_iso
has-access,true,boolean
created-at,2007-01-08T14:06:08,date_iso
val_random_key,Bianca Jordan,unknown
user-email,luiswalsh@example.net,email
metadata,Quickly be its water some room draw line.,unknown
val_date_of_birth,1978-08-11T06:56:52,date_iso
updatedAt,2022-07-20T17:52:36,date_iso
TITLE,N/A,unknown
random_key_val,N/A,unknown
val_uuid,ab488fb2-9cc9-45a8-abde-d6b3836e53d6,uuid
enabled_val,true,boolean
verified,False,boolean
str_user_id,0e1794b9-831c-4a8e-872d-7f06c1d58cfb,uuid
random-key,Rule true enter project establish become special player.,unknown
url_val,http://smith.com/,url
userId,274080,numeric_id
description,N/A,unknown
str_enabled,0,boolean
uuid,d6a201cf-8146-4d12-861b-a09f54433826,uuid
name,unknown,unknown
verified,True,boolean
AvatarUrl,http://mcbride.com/,url
RANDOM_KEY,Anthony Howard,unknown
title,Sea one trouble turn.,unknown
val_order_id,722553,numeric_id
name_val,unknown,unknown
uuid,db689912-9903-4bf1-a3a8-cde930cf6d44,uuid
UserId,403228,numeric_id
val_title,0.2020989555110545,unknown
is-active,1,boolean
created_at_val,2012-12-10T04:10:46,date_iso
USER_EMAIL,cheyenne78@example.com,email
val_updated_at,2019-06-20T14:57:11,date_iso
val_order_id,4404,numeric_id
isActive,true,boolean
IS_ACTIVE,false,boolean
str_random_key,0.3096241987223244,unknown
link,https://barron.com/,url
val_verified,0,boolean
is_active,true,boolean
name,0.42413931046968556,unknown
str_random_key,N/A,unknown
metadata,N/A,unknown
name,0.8534089104408952,unknown
website_val,https://fox-brooks.com/,url
title,Kelsey Chandler,unknown
order_id,663522,numeric_id
val_random_key,Like Mr recognize drug.,unknown
customer_id,183069,numeric_id
title,Offer military truth exactly late successful.,unknown
str_verified,True,boolean
user_email_val,leeterri@example.net,email
name,Ask table method friend dinner.,unknown
timestamp,2008-09-08T02:16:32,date_iso
description,N/A,unknown
metadata,N/A,unknown
updated_a,2012-02-01T04:38:17,date_iso
user-id,309292,numeric_id
avatarUrl,https://www.barry.com/,url
random-key,unknown,unknown
CustomerId,219623,numeric_id
val_avatar_url,http://lopez-chavez.com/,url
description,Act somebody special.,unknown
val_customer_id,678673,numeric_id
order-id,482608,numeric_id
order-id,881483,numeric_id
updated-at,1996-01-14T15:02:00,date_iso
timestamp_val,2021-08-31T06:30:12,date_iso
timestamp,2025-03-19T23:56:58,date_iso
RandomKey,Through check community card well operation.,unknown
title,N/A,unknown
UPDATED_AT,2014-07-03T23:35:14,date_iso
metadata_val,Matthew Cooper,unknown
str_website,https://www.floyd.biz/,url
metadata,N/A,unknown
title_val,unknown,unknown
USER_ID,4a8e159c-54b6-485e-9baf-abf9d37db51a,uuid
enabled,false,boolean
id,557491,numeric_id
link,https://www.glass.info/,url
GUID,e7eb496d-476f-40b5-9925-6c4ac4de5fae,uuid
link,https://www.reid.com/,url
str_title,N/A,unknown
val_guid,5400f996-b33d-49e2-a603-5e3533232bdc,uuid
str_created_at,1993-04-03T22:12:20,date_iso
timestamp,1975-11-20T02:32:31,date_iso
user_email_val,weberadrian@example.com,email
contact-mail,ryan47@example.org,email
id,b59e13fb-58e6-432f-83ca-fe2ac3ea515e,uuid
created_at,1989-12-26T04:04:04,date_iso
val_metadata,0.4079565474007907,unknown
CreatedAt,2006-11-12T22:36:31,date_iso
is_active,1,boolean
email_address_val,jlong@example.org,email
HAS_ACCESS,1,boolean
uuid,74c34fef-b5c2-4376-98f3-f566692ed4b7,uuid
name_val,Michael Rhodes,unknown
order_id,152668,numeric_id
enabled,false,boolean
user_id,850914,numeric_id
Title,0.15669037005592712,unknown
str_email_address,kristanguyen@example.org,email
link,https://wright.net/,url
is-active,true,boolean
user_email_val,thomaselliott@example.org,email
NAME,Participant case onto born.,unknown
title,Own picture sit international however speech easy give.,unknown
val_description,unknown,unknown
val_email_address,browndavid@example.net,email
avatarUrl,http://mcguire.biz/,url
random_key_val,unknown,unknown
customer_id,880700,numeric_id
random_key_val,unknown,unknown
order_id_val,121551,numeric_id
val_has_access,False,boolean
UserEmail,bauerderek@example.net,email
metadata,Child season president call matter people idea rise.,unknown
name,unknown,unknown
random-key,Responsibility any newspaper look.,unknown
website,http://delacruz.com/,url
avatar_url_val,https://www.griffith-moore.com/,url
has_access_val,false,boolean
metadat,Leave away ever opportunity.,unknown
NAME,0.5395285589904025,unknown
url,http://www.hill.com/,url
link,https://www.matthews-newman.org/,url
user_id_val,373c1f4f-96f3-46b9-8484-1e1e8d30db76,uuid
created_at,2005-06-07T06:01:08,date_iso
random-key,unknown,unknown
verified,false,boolean
created_at,2019-07-30T23:14:18,date_iso
email,tammyboyd@example.net,email
created_at_val,2020-05-12T08:36:44,date_iso
Metadata,Shoulder become sure matter guess how finish.,unknown
updated_at,1998-06-25T02:52:40,date_iso
EMAIL,dawnmorrison@example.com,email
random_key,Brandon Hall,unknown
description,N/A,unknown
val_order_id,642284,numeric_id
email,vicki41@example.net,email
is_active,false,boolean
link,http://young.org/,url
UserEmail,sheilafloyd@example.com,email
title,Record arrive hot believe number site.,unknown
CONTACT_MAIL,daniel97@example.net,email
Email,kimberly27@example.org,email
val_has_access,True,boolean
id,318258,numeric_id
verified_val,true,boolean
timestamp,1987-02-10T03:36:21,date_iso
UUID,3623e8ac-94d7-4b2a-938c-17b72b3930c5,uuid
description,0.6835122522254954,unknown
user_id_val,240575,numeric_id
str_user_id,880591,numeric_id
updatedAt,1992-09-06T09:27:25,date_iso
user_eml,mooreryan@example.org,email
Name,0.2565221824958632,unknown
metadata,0.7096023596942211,unknown
NAME,0.08938355383192154,unknown
contact_mail_val,elizabethwhite@example.com,email
email,brian99@example.net,email
has_access,False,boolean
description_val,Into us specific today.,unknown
description,Angelica Perry,unknown
val_id,563849,numeric_id
title,Remember benefit lay political everybody him money.,unknown
verified,False,boolean
user_id,fbf41ca2-f48a-4518-bd70-44bef6702fe3,uuid
order_id,74960,numeric_id
ENABLED,1,boolean
Title,Richard Edwards,unknown
id,597880,numeric_id
val_order_id,856059,numeric_id
title,unknown,unknown
str_contact_mail,jacksonsamantha@example.net,email
Title,Jessica Anderson,unknown
url,https://johnson-myers.com/,url
val_email_address,pattonanthony@example.org,email
Verified,False,boolean
val_user_id,219bab17-b15a-4256-aadb-7fdfa81ddfd2,uuid
str_email,stoutkimberly@example.net,email
contact_mail_val,zoconnell@example.com,email
guid,a0ceaa09-95b9-4eb7-98b2-76a872e8d410,uuid
VERIFIED,true,boolean
EMAIL_ADDRESS,donna34@example.com,email
url,https://www.martin-burgess.net/,url
contact_mail,robertgriffin@example.org,email
contact-mail,wallacegrace@example.com,email
title,N/A,unknown
Id,aa4b8faa-76d7-4aba-a7ac-ec24e93b86bb,uuid
website,https://www.jensen-thompson.com/,url
val_is_active,1,boolean
name,unknown,unknown
contact_mail,iprince@example.com,email
Link,http://ross-howell.info/,url
description,0.14458530047633544,unknown
sessionId,01ad17f6-ae25-407c-a36b-4214690b5b6c,uuid
user-id,964969,numeric_id
eml_addr,zpham@example.com,email
user_id,fe2d7b29-e9d9-443e-9117-638857d362b2,uuid
enabled,false,boolean
CREATED_AT,2019-11-21T22:46:38,date_iso
user_id_val,0f1fc969-f1f4-4d98-8fed-c6f391eec9b3,uuid
id,876687,numeric_id
val_order_id,101154,numeric_id
date_of_birth,1994-12-13T23:22:17,date_iso
created_at,2010-11-10T11:43:54,date_iso
link,https://adams-lindsey.com/,url
Guid,62d3f237-af63-4da5-a27d-2dfcd979943a,uuid
updated_at,2025-12-10T21:51:26,date_iso
title_val,unknown,unknown
contact_mail,cooperdanny@example.net,email
metadata,Common mother around left.,unknown
metadata,Charles Roberts,unknown
id,61662,numeric_id
user_email,josephgarcia@example.com,email
name,unknown,unknown
website,http://roy-copeland.com/,url
SESSION_ID,98738dc7-e657-4b88-a6d5-cc09982468bb,uuid
random_key,0.0021233755297235257,unknown
user_id,09fa9b62-3308-40b5-bdf5-b7d95734fa36,uuid
orderId,629727,numeric_id
title,Determine best present direction significant everybody.,unknown
id,457533,numeric_id
id,5405c325-8f5a-40c8-b624-afd554cbe59b,uuid
uuid_val,66369bf0-cf9b-4596-bb16-b97734db6317,uuid
LINK,http://burke.com/,url
timestamp_val,2018-04-03T14:04:04,date_iso
description,N/A,unknown
val_user_id,a60f6efb-c37c-4512-a964-d29ea7424256,uuid
session_id,95f28b33-bf05-4d6c-ba1a-9b41b8d01574,uuid
GUID,fed146c9-bdbc-4232-8443-b33f00a93121,uuid
Guid,6402bb63-026f-4822-9ca7-408ec0480e66,uuid
val_description,N/A,unknown
val_contact_mail,qlynn@example.net,email
is_active_val,True,boolean
link,https://joyce.info/,url
description,Next per who interest see hot four able.,unknown
description_val,unknown,unknown
verified,0,boolean
id,424219,numeric_id
val_name,N/A,unknown
metadata,0.862272010098671,unknown
CREATED_AT,1980-12-15T07:44:00,date_iso
Guid,efc42326-1e16-4393-9829-7a26fa63d7e4,uuid
title_val,0.5591227698327015,unknown
name,unknown,unknown
date_of_birth,1998-08-09T14:51:46,date_iso
ID,515c0f16-e01b-46e3-82f1-623025f0bc85,uuid
metadata_val,Above candidate street task religious.,unknown
session_id_val,469c5676-11bd-4a62-b225-4ec96b0faa35,uuid
IsActive,False,boolean
user_id,819406,numeric_id
val_id,938614,numeric_id
timestamp,2025-06-01T19:05:44,date_iso
updated_at_val,2024-11-13T07:15:57,date_iso
name,unknown,unknown
VERIFIED,true,boolean
METADATA,N/A,unknown
avatar_url_val,http://www.griffith-mendez.net/,url
description,Than hotel continue happy.,unknown
random_key,Administration training half finally.,unknown
user-email,theresaharrell@example.com,email
Name,unknown,unknown
user_email,zachary76@example.com,email
LINK,https://www.norris-bowen.org/,url
date-of-birth,1994-02-03T17:17:31,date_iso
val_random_key,0.052550128820815,unknown
title,Jeanette Solis,unknown
Metadata,N/A,unknown
metadata,0.5724072205073583,unknown
val_session_id,6cb38e93-64fb-4a6f-ade9-3cb1e2d02c4b,uuid
website,http://edwards.com/,url
description_val,Pay white stuff person child here pattern quickly.,unknown
contactMail,ghunter@example.com,email
Verified,False,boolean
user_email_val,mpena@example.net,email
HasAccess,False,boolean
Email,stanleyphilip@example.com,email
is-active,0,boolean
title,Suffer until stock third commercial particular relationship.,unknown
ORDER_ID,541072,numeric_id
USER_ID,254433,numeric_id
id_val,a87a6ded-e1ba-42fd-be4c-a97892072805,uuid
createdAt,1977-08-21T08:55:12,date_iso
user_email,jacksonjoseph@example.net,email
enabled,false,boolean
TITLE,unknown,unknown
random_key,N/A,unknown
EmailAddress,tsimmons@example.com,email
name,Brett Garcia,unknown
website,http://www.rodriguez.com/,url
userEmail,kevin35@example.net,email
avatar_url,http://www.owens-weaver.info/,url
CUSTOMER_ID,125774,numeric_id
metadata,unknown,unknown
ID,882257,numeric_id
str_contact_mail,martinsarah@example.com,email
title,unknown,unknown
str_name,Center yard blood last.,unknown
user_id,4d674430-f62c-4b28-8099-966c4128bc90,uuid
title_val,0.05021663527999576,unknown
timestamp,1983-11-23T02:19:57,date_iso
val_is_active,false,boolean
has_access,0,boolean
session-id,a34b5fa1-0b62-4676-a531-cdc73dc32acd,uuid
updatedAt,1983-11-12T20:29:15,date_iso
random_key_val,Course successful player agreement.,unknown
Email,joseph60@example.com,email
val_date_of_birth,2012-08-29T21:55:25,date_iso
metadata,N/A,unknown
customer_id,66778,numeric_id
RANDOM_KEY,0.38747840737217654,unknown
ID,9a5a58a4-1202-45eb-af30-3f6b315dcc4f,uuid
has_access,true,boolean
Url,https://lynn.org/,url
timestamp,1997-03-18T08:07:26,date_iso
has_access,1,boolean
AvatarUrl,https://munoz-adams.net/,url
Description,Marie Mclaughlin,unknown
val_link,http://www.daniels.com/,url
AvatarUrl,http://cowan.info/,url
description,unknown,unknown
Id,08d36439-83d6-4683-b00e-d465226fbdca,uuid
id,621090,numeric_id
session_id,0e97dd9f-8e5e-41d2-991a-e746721ba0ca,uuid
EmailAddress,jeremybrown@example.net,email
val_is_active,True,boolean
user_email_val,donald02@example.com,email
user_id,de74ce2d-cfba-4d58-9621-ec732aaf0408,uuid
name_val,unknown,unknown
metadata,Difference crime under north part wide.,unknown
str_guid,039b84d8-a2bf-4a66-a097-e1d238db6648,uuid
sessionId,9f20c3f2-c7e4-4750-896d-625e5b3c6f5a,uuid
Name,Dustin Weber,unknown
str_timestamp,2014-07-05T02:08:49,date_iso
description,0.15142688481122635,unknown
hasAccess,1,boolean
email_address_val,samantha02@example.com,email
str_uuid,aaee9680-2eba-4930-bf95-b23d4c768b61,uuid
str_updated_at,1972-11-28T20:45:14,date_iso
Description,N/A,unknown
timestamp,1994-09-10T13:45:28,date_iso
Website,https://lewis-johnson.com/,url
title_val,Campaign responsibility real Mr loss future walk.,unknown
Uuid,b989f750-1926-40ac-88fc-757e649edc24,uuid
website,https://www.curtis-rodriguez.info/,url
name,0.6915391394812964,unknown
guid,d777615c-64cf-491b-b161-5df374f11d0e,uuid
val_date_of_birth,1997-07-10T15:54:36,date_iso
description,unknown,unknown
val_session_id,7c0784a8-cab6-41b1-89e8-df6de9cb3d04,uuid
user_id,937902,numeric_id
user_email,antonio54@example.org,email
Website,http://hood-price.info/,url
guid,cb64377e-ee76-4154-aa44-f6e3b672e959,uuid
customer_id_val,68647,numeric_id
timestamp,1991-12-31T06:15:56,date_iso
USER_ID,600352,numeric_id
RANDOM_KEY,N/A,unknown
str_order_id,105095,numeric_id
id,928104,numeric_id
val_user_id,a97ea43a-f9c8-42a7-8184-bef80cbe5674,uuid
CUSTOMER_ID,14105,numeric_id
val_email,vincentwatkins@example.net,email
customer-id,667818,numeric_id
userId,698370,numeric_id
user_id,883179,numeric_id
GUID,e4fe43bb-35b4-492f-a2e2-7eaa59ceae05,uuid
avatar_url,https://www.stout.com/,url
timestamp,2014-10-11T08:47:03,date_iso
customerId,420580,numeric_id
title,0.28755125959747374,unknown
userId,36bd361b-d18f-4e79-9697-41ceb052fd0b,uuid
val_order_id,778994,numeric_id
uuid,74f8e202-0df2-4843-a80e-cede458e70ce,uuid
val_order_id,605011,numeric_id
str_avatar_url,https://www.ellis-mcintosh.com/,url
UpdatedAt,2004-05-18T07:13:15,date_iso
guid,01193dfa-2021-4e7e-afde-81be43d347b9,uuid
customerId,516584,numeric_id
user-id,408550,numeric_id
UserId,790262,numeric_id
val_date_of_birth,1970-05-01T18:53:04,date_iso
str_random_key,0.9689747546322512,unknown
val_session_id,31aa8233-da50-45a0-871c-df12c56c9c17,uuid
metadata,0.808231914891372,unknown
guid,cbacad8a-0b6d-42df-a3c5-07f3e7d49c51,uuid
id,280550,numeric_id
has_access,False,boolean
uuid,4b26a7eb-019e-4934-b45f-4472c04c136a,uuid
created_at,2015-10-06T14:30:06,date_iso
str_timestamp,1993-04-29T20:24:27,date_iso
str_uuid,b79efeaf-9991-4e5f-9470-f5316d2c8bdf,uuid
str_email_address,steven38@example.net,email
eml,cwallace@example.org,email
email,smithricky@example.net,email
session_id,f1ee3b05-ba59-4fb5-9ecb-e0f1820d42e5,uuid
val_uuid,a9a10d3d-4284-4cb8-94da-b6e803eb8d6b,uuid
name,N/A,unknown
random_key,N/A,unknown
orderId,215106,numeric_id
description,N/A,unknown
ID,812cf19f-beb2-4dc8-a442-b557a0873fae,uuid
has_access,1,boolean
Verified,0,boolean
website,http://www.greene.org/,url
RANDOM_KEY,0.7122906314429717,unknown
description,Actually partner but population particularly.,unknown
is_active,False,boolean
avatar_url_val,http://guzman.com/,url
id,1db2bfd1-d801-41b1-93f1-177092d803a1,uuid
GUID,844148db-188d-4938-a6ed-fcaedadeb551,uuid
val_user_id,541003,numeric_id
Link,http://harrington.com/,url
str_name,N/A,unknown
str_user_id,355515,numeric_id
name,Point see their prevent trade end strategy.,unknown
name,unknown,unknown
id,492496,numeric_id
link,https://www.lee.info/,url
AVATAR_URL,http://www.johnson.com/,url
RANDOM_KEY,Cynthia Steele,unknown
enabled,1,boolean
CreatedAt,1971-07-14T12:26:20,date_iso
email,christinegarcia@example.net,email
title,0.28539846683848935,unknown
url,https://www.simmons.net/,url
random_key,Maybe economy discover lay administration court expect.,unknown
str_metadata,Place have edge foot trouble.,unknown
metadata_val,0.3330316222039972,unknown
IS_ACTIVE,False,boolean
val_random_key,N/A,unknown
Name,N/A,unknown
str_description,Hand stage full Congress.,unknown
customerId,257467,numeric_id
str_avatar_url,https://www.kim.net/,url
DateOfBirth,2003-11-12T11:05:49,date_iso
GUID,e8091376-d41b-4b72-8109-9ea6650e63f1,uuid
enabled,1,boolean
uuid,a2f14ffd-0529-4025-8a17-e1081dc71a8c,uuid
websit,https://ortiz.info/,url
url,http://www.mcdonald.com/,url
UpdatedAt,1993-03-21T05:19:00,date_iso
metadata,Pm truth central agreement seat paper.,unknown
hasAccess,true,boolean
emailAddress,taylorbrittany@example.org,email
NAME,0.835690760495454,unknown
metadata,unknown,unknown
val_guid,6523a9fc-184e-45f5-b596-5fbfd53018dc,uuid
UserEmail,brianhuang@example.org,email
name,0.0431964089403265,unknown
timestamp,1989-04-01T02:26:32,date_iso
eml,edwardgood@example.com,email
random-key,Common fine bit television.,unknown
has-access,False,boolean
user_id,43e2179d-87c1-4abe-a166-fa76e1fe0a85,uuid
Title,N/A,unknown
random-key,0.7937651078128031,unknown
str_is_active,true,boolean
link,https://www.carter-hall.net/,url
id,4e9fdd6f-3717-4841-a2f5-faf8f427bbef,uuid
user_id,a1b9c59f-d23b-43e2-8f37-052bcb9bbff7,uuid
description,unknown,unknown
val_updated_at,1991-09-29T20:10:47,date_iso
customerId,943429,numeric_id
order-id,199449,numeric_id
str_id,244430,numeric_id
Name,unknown,unknown
IsActive,true,boolean
Link,http://www.jenkins-perry.com/,url
description_val,Mark Jones,unknown
link,http://frank-johnson.net/,url
description_val,Savannah Winters,unknown
id,785888,numeric_id
verified,1,boolean
val_title,Grace Horne,unknown
enabled,0,boolean
str_description,unknown,unknown
updated-at,2005-05-31T23:21:42,date_iso
updated-at,2016-11-27T14:18:07,date_iso
email,mariarogers@example.org,email
ORDER_ID,685705,numeric_id
val_session_id,84ad3701-3758-4879-a18c-13c6b2efa0f9,uuid
enabled,1,boolean
eml,stephaniewang@example.com,email
user_id,908779,numeric_id
RANDOM_KEY,N/A,unknown
random_key,0.648841373315072,unknown
random-key,unknown,unknown
val_is_active,False,boolean
updated_at,2015-08-16T20:13:23,date_iso
str_id,183781,numeric_id
title,Evening know wind happen.,unknown
created_at,2013-03-03T11:14:02,date_iso
isActive,false,boolean
created_at_val,1978-04-25T00:54:37,date_iso
eml_addr,brandonavila@example.org,email
HasAccess,true,boolean
emailAddress,richardsondean@example.com,email
enabled,False,boolean
USER_ID,020c3461-27f6-4a79-bdd7-e7f01c26773a,uuid
name,0.8050993521415791,unknown
website_val,https://www.sosa-barnes.info/,url
order_id_val,121426,numeric_id
user-id,592871,numeric_id
enabled,0,boolean
val_website,https://frazier.com/,url
str_metadata,Alex Banks,unknown
updated_at_val,2024-01-18T19:13:35,date_iso
val_link,http://www.sharp.org/,url
str_website,http://taylor.com/,url
link,http://www.johnson.org/,url
orderId,62482,numeric_id
METADATA,unknown,unknown
EMAIL,brittany88@example.com,email
USER_ID,3a4daa7c-2a3b-4ac1-8441-2dd247ac53ee,uuid
ORDER_ID,245364,numeric_id
user_i,803352,numeric_id
session_id,c2fa761f-8661-4234-a29b-2cff36b89293,uuid
date_of_birth,2008-09-21T23:58:59,date_iso
name_val,0.29874060034800787,unknown
date_of_birth,1999-03-14T18:49:30,date_iso
LINK,http://www.valencia.com/,url
user_email,bonnie10@example.org,email
IS_ACTIVE,0,boolean
UserId,8fa188e1-f0f5-497b-a0a3-51bd81d71ac5,uuid
val_timestamp,2004-08-25T09:36:45,date_iso
title,N/A,unknown
email_val,wilkinsjesse@example.net,email
verified_val,0,boolean
timestamp,1982-08-03T07:34:19,date_iso
EMAIL_ADDRESS,darryl61@example.net,email
isActive,True,boolean
created-at,1981-04-09T20:06:42,date_iso
id,134205,numeric_id
timestamp,2015-08-01T09:49:52,date_iso
val_user_email,dawn82@example.com,email
email,jay00@example.net,email
val_timestamp,1976-09-08T03:40:22,date_iso
order_id,486229,numeric_id
link,https://lloyd-hicks.info/,url
date_of_birth,2015-12-14T10:35:38,date_iso
USER_EMAIL,hburton@example.com,email
user_id,23247,numeric_id
id,610657b8-78da-4c8e-9aea-c7e3e5c9c8c7,uuid
Email,brandon40@example.org,email
TIMESTAMP,2015-01-18T04:45:53,date_iso
name,N/A,unknown
uuid,63533f3c-2798-41d9-971d-a9ea93f9916d,uuid
updated-at,2017-08-19T20:09:19,date_iso
CREATED_AT,2017-07-20T20:27:54,date_iso
metadata_val,0.6445817234710084,unknown
val_name,unknown,unknown
emailAddress,uhernandez@example.com,email
name,Team pattern meeting give drug evening.,unknown
userId,582965,numeric_id
metadata,0.42044121252885025,unknown
str_is_active,false,boolean
date_of_birth,1988-07-23T17:51:21,date_iso
name_val,Bianca Taylor,unknown
CUSTOMER_ID,103073,numeric_id
title,Series operation course toward finally.,unknown
description,Jordan Escobar,unknown
random_key,0.6298128600751062,unknown
val_description,N/A,unknown
link,http://www.ray.org/,url
metadata,unknown,unknown
str_guid,34df9347-aa37-4e15-b456-8585a0101ba7,uuid
url_val,http://garrison.biz/,url
metadata,unknown,unknown
val_is_active,0,boolean
contact_mail,kellymark@example.net,email
description,Travel near employee art my.,unknown
avatar_url,https://perkins.com/,url
avatar_url,http://www.baldwin.net/,url
val_description,unknown,unknown
order_id,938102,numeric_id
guid,c49e3164-e332-4c0c-8da6-5c843865c392,uuid
str_guid,898dab66-bff5-4862-84c3-376305c07b06,uuid
customer_id,46699,numeric_id
str_title,0.43647928466655317,unknown
session_id_val,6f537f91-c10e-47e9-a481-ce60f29a4516,uuid
TITLE,unknown,unknown
avatar_url,https://smith.org/,url
uuid_val,240421dc-0699-4832-8a08-deaa8d182d6f,uuid
CONTACT_MAIL,jeffreyluna@example.com,email
str_title,0.4165142377354595,unknown
GUID,3caa652e-4664-42b7-837d-24f27249838f,uuid
RandomKey,In ok figure hope before assume poor.,unknown
timestamp,1975-01-17T11:44:46,date_iso
uuid,60aa5842-6137-44e4-aeaa-150e2b6547bf,uuid
website,http://blackburn.com/,url
randomKey,0.9549557833740309,unknown
METADATA,Arm although teach receive pass common cell floor.,unknown
title_val,Perry Harris,unknown
contact_mail,michelleanthony@example.org,email
val_user_id,6e42904b-10c7-49d5-9995-7927868bd184,uuid
updated-at,2022-04-22T14:01:04,date_iso
date_of_birth,2015-11-06T08:30:58,date_iso
LINK,http://nichols-lewis.com/,url
user-id,c87e3a34-c7a4-4408-b65f-ecef27572888,uuid
contactMail,ramirezadam@example.net,email
RandomKey,0.9279346661521827,unknown
val_user_id,38978,numeric_id
random_key,N/A,unknown
val_date_of_birth,2023-11-15T08:42:06,date_iso
ENABLED,true,boolean
val_id,cde81326-9dac-4722-a003-5f4dd1b0e478,uuid
website,http://www.gonzalez.com/,url
id,472964,numeric_id
randomKey,Frank Vasquez,unknown
date_of_birth,2015-03-18T02:00:28,date_iso
date-of-birth,2002-04-20T02:17:40,date_iso
timestamp,1980-01-28T10:03:56,date_iso
user_eml,daniel22@example.net,email
customer_id_val,781046,numeric_id
enabled,True,boolean
contact_mail,billygarcia@example.org,email
is_active,1,boolean
val_email,kellyclark@example.org,email
DATE_OF_BIRTH,2022-04-22T00:51:05,date_iso
order_id,856009,numeric_id
val_name,unknown,unknown
ORDER_ID,926230,numeric_id
user_id,0f0612ad-0596-4531-b0e4-90f6f596e404,uuid
avatarUrl,http://www.parks.net/,url
str_name,unknown,unknown
customer_id,535270,numeric_id
email,kimberly08@example.com,email
customer_id,684387,numeric_id
title,0.7160046378050462,unknown
SessionId,2cf93f96-8b54-4e80-87e2-ad6eef6aa417,uuid
metadata,Mr. Samuel Anderson Jr.,unknown
url_val,https://bailey.com/,url
str_user_email,charles33@example.net,email
id_val,cad148b0-716b-4dc9-9ac1-d574208e2f68,uuid
UserEmail,winterseduardo@example.org,email
order_id_val,734090,numeric_id
description,Yet office happen leg magazine forget.,unknown
str_date_of_birth,1971-03-14T09:38:43,date_iso
enabled,1,boolean
val_session_id,6a3359b7-09c5-4982-88e1-9cd17b8535e5,uuid
website,http://cline.com/,url
val_id,25f5235c-c25b-4da4-b541-2f06a4bcc97a,uuid
UUID,264e87c2-e1c4-46fc-a59f-8349030590c4,uuid
user_email,hendersonalison@example.org,email
val_customer_id,791012,numeric_id
id,328305,numeric_id
email_val,lmarshall@example.org,email
avatar_url,http://www.williams.com/,url
str_random_key,N/A,unknown
str_user_email,andersonjustin@example.org,email
val_title,0.3262055625736172,unknown
val_updated_at,1997-01-29T08:56:52,date_iso
val_id,680752,numeric_id
email,jocelyngill@example.org,email
user_id,938869,numeric_id
name_val,Melanie Davenport,unknown
str_email_address,ogonzales@example.org,email
guid,996da64f-e2e3-4f17-b9a5-f76f93af756d,uuid
CREATED_AT,1982-04-21T19:33:37,date_iso
str_verified,False,boolean
website,https://cruz-hansen.net/,url
timestamp,1995-06-30T22:12:32,date_iso
metadata,0.5745867658475152,unknown
description,Jonathan Jarvis,unknown
val_website,https://www.sanchez.com/,url
isActive,true,boolean
user_id,b21b4f18-16e6-4fbf-b7b4-736d8fa13117,uuid
description,Brandon May,unknown
str_enabled,False,boolean
url,https://henson-pope.info/,url
val_link,https://www.goodman.biz/,url
Timestamp,1991-06-07T10:59:16,date_iso
name,Michael Perez,unknown
verified,0,boolean
userEmail,williamskelly@example.net,email
val_contact_mail,sanfordgregory@example.net,email
created_at,1974-08-31T22:05:31,date_iso
Guid,14319897-60fa-4bea-a282-544bd0354701,uuid
order_id,13590,numeric_id
val_user_id,02e2d652-732d-4af7-ab61-2ea056924f12,uuid
avatar_url,http://gomez.com/,url
HAS_ACCESS,false,boolean
isActive,False,boolean
user_email_val,qglenn@example.net,email
CUSTOMER_ID,74481,numeric_id
description,0.4898502572375022,unknown
random_key,N/A,unknown
website_val,https://www.nguyen.com/,url
DESCRIPTION,0.8905994180502352,unknown
HAS_ACCESS,true,boolean
name,0.3087917286712777,unknown
CreatedAt,1993-07-23T18:34:56,date_iso
timestamp,1985-08-18T00:39:19,date_iso
Description,N/A,unknown
UserId,a98ddf25-8730-43d3-aed1-39c7419d2f59,uuid
name_val,0.397945574654458,unknown
eml_addr,murraycassandra@example.com,email
link_val,http://padilla.com/,url
id,210276,numeric_id
url,https://blake-weeks.com/,url
contact_mail,kristy93@example.org,email
title,Between happen society hand available forget.,unknown
date_of_birth,2010-09-21T10:00:07,date_iso
val_user_id,40a3c7a5-9dc9-480f-be33-6dd59aaa8c1d,uuid
link,https://jensen.com/,url
website,http://www.young.com/,url
order_id,970604,numeric_id
user-id,330383,numeric_id
title,unknown,unknown
sessionId,d324f444-1814-4a2b-965d-5b63ddbd6416,uuid
val_description,0.5001089747895638,unknown
verified_val,True,boolean
TITLE,N/A,unknown
str_name,Collection understand wide or despite radio.,unknown
str_random_key,0.2189087669307429,unknown
str_random_key,Elizabeth Rogers,unknown
metadata,Diana Chapman,unknown
val_uuid,2148d08d-6650-4be9-b7ed-b5d765d34b81,uuid
Id,830281,numeric_id
updated_at,1986-09-18T06:49:00,date_iso
description_val,Peter Norris,unknown
val_name,Trevor Pierce,unknown
USER_ID,813506,numeric_id
contact_mail,richardmann@example.net,email
metadata,0.038967016454812375,unknown
DESCRIPTION,Tammy Edwards,unknown
UpdatedAt,2009-02-01T11:37:20,date_iso
link,https://zhang-ruiz.org/,url
description,unknown,unknown
UserEmail,montgomeryalexis@example.org,email
user_id,768551,numeric_id
val_verified,True,boolean
RandomKey,unknown,unknown
Link,https://villanueva.com/,url
eml,april87@example.net,email
avatar_url,https://www.owens.net/,url
metadata,N/A,unknown
val_is_active,False,boolean
Description,Black a southern budget analysis let stay consumer.,unknown
val_updated_at,2025-04-15T15:57:54,date_iso
enable,1,boolean
description,0.0769664380158478,unknown
name,Marc Evans,unknown
str_description,0.7367322015530375,unknown
hasAccess,false,boolean
str_enabled,True,boolean
UserId,446973,numeric_id
name_val,0.20387471439453875,unknown
TITLE,Over new commercial check second full.,unknown
has-access,False,boolean
val_order_id,662951,numeric_id
str_customer_id,908718,numeric_id
VERIFIED,0,boolean
guid,27184c62-8887-4902-a1b7-56ad05116d72,uuid
Metadata,Table anyone area source nice structure cell.,unknown
str_customer_id,778861,numeric_id
name,unknown,unknown
Guid,e751fd3a-e789-4576-8df6-4c13bf1a9a8b,uuid
url,https://booker.com/,url
user_id_val,992028,numeric_id
has-access,true,boolean
link,http://jackson.org/,url
str_description,0.43288326149123935,unknown
IS_ACTIVE,false,boolean
has_acces,False,boolean
str_title,N/A,unknown
str_has_access,0,boolean
eml,ktaylor@example.net,email
UPDATED_AT,1979-01-31T10:31:48,date_iso
email_val,tim68@example.com,email
title,David Moody,unknown
date_of_birt,1976-04-28T14:28:00,date_iso
GUID,ee26fb61-b363-4dd3-a20a-19cceba56934,uuid
email,kevin56@example.com,email
order-id,958998,numeric_id
str_user_id,443435,numeric_id
url,http://frank.com/,url
UserId,63dad1ec-6dcc-4f9f-bbc9-b6d479779295,uuid
CONTACT_MAIL,samuel05@example.net,email
user_email_val,davidchang@example.org,email
user_email,reyesrebecca@example.org,email
EmailAddress,justin81@example.net,email
guid,156b9715-4e94-488c-bef4-b88063f1d7f4,uuid
SESSION_ID,71708c11-f3e8-432a-866a-cd669c9e5809,uuid
name,N/A,unknown
id,a49273f2-b44e-4cc7-9b80-21a24cff0c97,uuid
str_created_at,1978-12-02T00:45:49,date_iso
Metadata,unknown,unknown
name,N/A,unknown
description,unknown,unknown
USER_EMAIL,jonathan31@example.org,email
id_val,f793f5f1-e449-46ee-bfea-351074ecdd1c,uuid
name,William Brown,unknown
metadata_val,Bryan Little,unknown
EmailAddress,snewton@example.org,email
val_url,https://hudson.com/,url
customer_id,5620,numeric_id
str_contact_mail,ncurry@example.net,email
uuid,49d558c9-cbf9-4cfb-826d-6221b16d171d,uuid
url,http://saunders-dunn.com/,url
user_email_val,whitecynthia@example.com,email
AVATAR_URL,http://www.phelps-young.org/,url
updated_at,2024-11-14T07:18:13,date_iso
contact_mail,ogriffin@example.org,email
val_user_id,c85eb387-79ad-4b71-851e-b297d2d44fce,uuid
avatar_url_val,https://gregory-black.com/,url
TIMESTAMP,1978-04-21T03:14:53,date_iso
str_is_active,True,boolean
description,N/A,unknown
updated_at,2016-02-13T15:57:53,date_iso
timestamp,1977-04-07T02:15:37,date_iso
Id,277379,numeric_id
session_id_val,dcea2002-f072-49d9-8276-bde6fea4aee6,uuid
contact_mail,alexanderbrown@example.net,email
val_random_key,unknown,unknown
eml,robert01@example.com,email
CREATED_AT,1982-06-19T03:10:30,date_iso
UPDATED_AT,1990-08-07T01:56:59,date_iso
AVATAR_URL,https://norman-williamson.com/,url
id,05420843-943a-4ccb-a94a-fec4235c781a,uuid
link,https://farrell-torres.biz/,url
enabled,0,boolean
contact-mail,mario04@example.net,email
hasAccess,false,boolean
val_session_id,49349279-1630-4ec8-8b8e-b7aa80e1e1a5,uuid
random_key,unknown,unknown
name,Type study day drug now.,unknown
val_user_id,669895,numeric_id
id,d76d1fd9-4f4c-49d7-91d7-93b7054cf01a,uuid
updated-at,1979-10-02T11:40:54,date_iso
str_metadata,Sandra Roach,unknown
updated_at,2007-01-30T21:31:52,date_iso
val_is_active,False,boolean
HasAccess,1,boolean
name,Increase check them whether.,unknown
CREATED_AT,2006-11-06T00:31:18,date_iso
email-address,sean28@example.com,email
website,http://www.burns-rodriguez.com/,url
val_uuid,f6fa2e85-3996-4312-85b6-d62caacc4c8d,uuid
name,0.37128065194335735,unknown
Metadata,Christopher Anderson,unknown
verified,False,boolean
val_link,http://www.love.org/,url
val_link,http://hood.net/,url
link,http://www.scott.com/,url
CreatedAt,1998-02-18T06:32:56,date_iso
metadata,We PM above on within.,unknown
str_is_active,False,boolean
id,749205,numeric_id
session_id,930fcd48-ae7a-4182-b621-728cfc321e52,uuid
Title,unknown,unknown
str_name,0.6454324086696207,unknown
val_updated_at,2024-08-29T13:57:02,date_iso
createdAt,1978-06-20T12:04:07,date_iso
random_key,Because oil tree fact account themselves training.,unknown
customer_id,379619,numeric_id
titl,N/A,unknown
order_id,96634,numeric_id
description,Mention or professor serve.,unknown
str_description,unknown,unknown
Enabled,0,boolean
str_uuid,a641f3cd-10a1-4b16-94af-d160da786b1b,uuid
user_email,markcrawford@example.net,email
name,Maria Williams,unknown
description,unknown,unknown
CreatedAt,2016-08-13T08:24:20,date_iso
description,Derek Bauer,unknown
str_avatar_url,http://warren.info/,url
str_id,2b0d554c-82c1-493b-a0ec-9a5d5ef286db,uuid
AvatarUrl,http://harvey.com/,url
email,thomasmiller@example.com,email
RandomKey,N/A,unknown
name,N/A,unknown
val_session_id,4403c936-272c-4d9d-b40b-6f883ab40370,uuid
has_access,true,boolean
contact_mail,lindaflynn@example.com,email
is-active,True,boolean
order_id,432703,numeric_id
email,mollycampbell@example.org,email
verified,1,boolean
RANDOM_KEY,N/A,unknown
description,unknown,unknown
contact_mail_val,bryan41@example.net,email
customer-id,711516,numeric_id
has_access,False,boolean
date_of_birth,1984-11-09T21:49:08,date_iso
str_email,john74@example.net,email
is_active,1,boolean
str_description,0.17595143891493925,unknown
contact_mail,sandra68@example.net,email
CreatedAt,1986-06-18T19:14:21,date_iso
emailAddress,lisamiller@example.org,email
description,0.8953131390141372,unknown
name,Bradley Williams,unknown
HAS_ACCESS,1,boolean
emailAddress,misty80@example.net,email
str_name,unknown,unknown
updated_at,1971-01-31T18:06:52,date_iso
date_of_birth,1989-08-28T23:22:45,date_iso
metadata_val,unknown,unknown
website,https://parrish.net/,url
val_id,793868,numeric_id
IS_ACTIVE,False,boolean
updatedAt,2009-12-03T07:13:10,date_iso
id,832213,numeric_id
user_id,f3ea8afe-a912-4641-a9e4-20e04efc7c3b,uuid
val_avatar_url,http://www.bass.com/,url
NAME,0.27025229614018864,unknown
dateOfBirth,1973-02-27T23:10:18,date_iso
DESCRIPTION,According value yes always source.,unknown
guid,1f94a07b-0763-42c0-86d3-174d46ee98ee,uuid
str_name,unknown,unknown
verified,False,boolean
VERIFIED,False,boolean
id,757769,numeric_id
CUSTOMER_ID,319635,numeric_id
val_metadata,0.1548788460451902,unknown
Uuid,6e89a56c-f4a7-4087-8730-ad1204d17e3b,uuid
EMAIL_ADDRESS,mistyturner@example.com,email
str_avatar_url,http://www.archer-jensen.com/,url
description,N/A,unknown
url,https://charles.com/,url
Name,unknown,unknown
customer_id,457619,numeric_id
str_contact_mail,bcollins@example.org,email
user_id,4045378b-a773-4519-98a7-56ecafee510f,uuid
avatarUrl,http://www.martinez.net/,url
url,http://mitchell.org/,url
Metadata,N/A,unknown
CustomerId,522301,numeric_id
metadata,May life realize assume physical cause.,unknown
val_is_active,true,boolean
contact_mail,kristenwillis@example.org,email
user_email,hmathis@example.com,email
UserId,671378,numeric_id
timestamp,2018-05-12T04:47:48,date_iso
metadata_val,0.7967406568107311,unknown
str_id,870948,numeric_id
description_val,unknown,unknown
str_timestamp,2005-06-20T04:57:44,date_iso
metadata,0.9680539502461889,unknown
name,Agent us reveal can civil east.,unknown
id,04fb6a59-ec1e-468e-bcd1-d62b6214aee9,uuid
val_enabled,false,boolean
val_title,unknown,unknown
customerId,918940,numeric_id
EMAIL_ADDRESS,hunterlisa@example.com,email
str_metadata,Man explain card truth usually.,unknown
user_eml,cathybrock@example.org,email
Uuid,32b2ff28-522c-4612-b30e-a1eb3fa5187c,uuid
NAME,0.9200906304906393,unknown
val_title,unknown,unknown
str_email,anthonyhowell@example.net,email
enabled,True,boolean
val_updated_at,1998-07-18T16:20:00,date_iso
USER_EMAIL,donnahunt@example.com,email
updated-at,2015-01-16T06:39:38,date_iso
description,Relationship range else key least across sound.,unknown
session-id,6ed19d82-28ab-43fc-a098-9e6467859a0b,uuid
date-of-birth,2011-01-06T06:41:50,date_iso
Title,unknown,unknown
guid_val,d3a52e3c-4cba-4f44-b84c-6ba566efb702,uuid
user-id,824965,numeric_id
name,0.9848234073394823,unknown
random_key,Direction consider newspaper green quality.,unknown
website,http://www.morrison.com/,url
val_email,garciacaitlin@example.com,email
random_key_val,0.8422462303126763,unknown
AvatarUrl,http://www.baker.net/,url
session_id,79d10baf-bd94-4fba-b96a-ff9934663c1e,uuid
val_date_of_birth,1996-10-08T20:53:10,date_iso
DATE_OF_BIRTH,1993-02-13T03:16:26,date_iso
ENABLED,False,boolean
val_contact_mail,gbrown@example.org,email
str_url,http://munoz.net/,url
eml,rsanders@example.net,email
name,unknown,unknown
createdAt,1975-07-19T01:08:55,date_iso
RandomKey,unknown,unknown
str_random_key,0.5239096861430963,unknown
title,Andrew Fernandez,unknown
UpdatedAt,1983-02-02T08:15:15,date_iso
order_id,636030,numeric_id
user_id_val,7d8b7c85-6949-4dc8-ad37-6c5bd421819c,uuid
date_of_birth_val,1979-08-21T13:58:02,date_iso
contact_mail,gsimmons@example.com,email
name,N/A,unknown
order_id_val,453566,numeric_id
id,86c772fb-3787-4eba-8f0d-1e555d380f10,uuid
description,Decision what nothing company catch.,unknown
customer-id,641151,numeric_id
guid_val,451c5524-522d-4fff-86a3-32f55becc252,uuid
metadata,0.5778233345333926,unknown
UpdatedAt,2012-08-24T08:17:00,date_iso
email,bcook@example.net,email
str_website,https://www.blackwell.org/,url
url,http://ray-rose.com/,url
val_updated_at,2004-06-14T21:31:32,date_iso
enabled,true,boolean
created_at_val,1988-03-19T02:17:49,date_iso
UpdatedAt,1998-01-02T23:52:07,date_iso
id,68495e8d-2a10-4aa8-9da9-1aa11465c8d5,uuid
url,https://www.white.com/,url
title_val,0.42386073853358963,unknown
order_id_val,550417,numeric_id
id,c58638e6-eb3d-4a4f-b34f-6ac131b5fd20,uuid
session_id,8e0097c1-782c-48f6-b3f1-f21ae5318577,uuid
str_name,0.04350254466797654,unknown
str_guid,a83228bd-f034-4f18-811d-9f2cf39b7138,uuid
session_id,3c8cff66-60be-4b11-915e-1adeff2509c7,uuid
title_val,Drug send rock simple what market hear night.,unknown
updated_at,1984-11-24T15:15:15,date_iso
LINK,https://www.herrera-morgan.com/,url
str_date_of_birth,1996-12-10T03:36:08,date_iso
str_avatar_url,http://www.carr.com/,url
description,Patricia Carson,unknown
Timestamp,2003-04-28T04:09:06,date_iso
is_active,false,boolean
metadata_val,Casey Lee,unknown
SESSION_ID,19e24d2d-09aa-489b-adb1-1262df87853d,uuid
avatar_url_val,http://www.atkins.com/,url
title,Patricia Cannon MD,unknown
url,http://www.smith.info/,url
str_random_key,N/A,unknown
id,a229f8a6-b5d9-40db-891b-1b6de22d6bb6,uuid
metadata_val,N/A,unknown
timestamp,2005-02-07T19:20:16,date_iso
val_order_id,99040,numeric_id
session_id,dd324d5c-139b-4bd4-872d-ef3595041358,uuid
enabled,false,boolean
EMAIL,gonzalezlaura@example.com,email
str_verified,true,boolean
order_id,651903,numeric_id
id,572429,numeric_id
UserId,cc5d4d96-6dfb-49b9-9758-d4337a995289,uuid
enabled,true,boolean
avatarUrl,http://www.stewart.net/,url
Title,N/A,unknown
guid,e87c6477-e766-492e-998e-686309f1d7d9,uuid
metadata,Wind image physical glass also.,unknown
str_email,smithbrenda@example.org,email
title_val,0.6505594429924392,unknown
val_user_id,587b19fa-bc32-4d2b-a3db-0b68c2115804,uuid
uuid,4f65cd0c-e24b-4171-af1d-680dabf5a91a,uuid
user_id,876923,numeric_id
user_email_val,david16@example.com,email
email,zcuevas@example.org,email
val_id,cc9d3d58-22fd-4298-92d1-73108888f590,uuid
customer-id,692261,numeric_id
date_of_birth,1994-10-18T22:58:54,date_iso
val_id,186b97d8-9000-4cbd-ac7d-3eaf3fbad4fb,uuid
Id,a99e7358-8d71-43ee-8c28-3d62b2311a5c,uuid
avatar_url,https://www.gamble-baker.info/,url
str_title,0.6243050897410671,unknown
val_description,Fight around small bed practice fight.,unknown
val_customer_id,671073,numeric_id
val_guid,957e667e-ca59-4ed9-995b-5dbb52f31597,uuid
metadata,unknown,unknown
email_address,myoung@example.net,email
UserId,199424,numeric_id
val_date_of_birth,1984-11-22T22:10:43,date_iso
val_user_email,cthomas@example.org,email
verified,False,boolean
str_created_at,1997-09-11T12:10:39,date_iso
name,N/A,unknown
url_val,http://holmes.com/,url
customer_id_val,203023,numeric_id
customerId,926400,numeric_id
guid,3608bd0c-8887-4dee-97da-e189354f7379,uuid
ContactMail,andre91@example.com,email
description,Steven Smith,unknown
description,N/A,unknown
METADATA,unknown,unknown
val_metadata,Michael Nguyen,unknown
name,John Norton,unknown
user_eml,suefoster@example.org,email
avatar_url,https://www.hudson.com/,url
name_val,N/A,unknown
str_description,Remember fall man.,unknown
random_key,0.8637476742722433,unknown
DESCRIPTION,unknown,unknown
verified,False,boolean
id,480701,numeric_id
enabled,1,boolean
Id,661010,numeric_id
created_at,1992-10-22T23:19:03,date_iso
link,https://www.johnson-harris.com/,url
val_user_id,445188,numeric_id
contact_mail,morgantammy@example.org,email
url,http://www.gallagher.com/,url
user_id,455092,numeric_id
session-id,4e30dfa5-0c0e-49fb-9efc-b7be1d54a3b4,uuid
id,9e059043-1504-4d0c-947c-ba761fcf7419,uuid
contactMail,michael16@example.net,email
val_random_key,0.22978088827903387,unknown
id,5147c2c6-8b96-4bd3-b0a4-d938f60b414f,uuid
val_website,https://www.kelly.com/,url
verified,false,boolean
val_metadata,Billy Holt,unknown
UserId,321856,numeric_id
name_val,0.5319621569786731,unknown
str_random_key,About rich life.,unknown
title,N/A,unknown
website,https://www.wood.com/,url
str_random_key,unknown,unknown
description,unknown,unknown
name,unknown,unknown
user_id_val,854805,numeric_id
user_id_val,96e50e31-3734-44af-8aad-41692702e61c,uuid
CONTACT_MAIL,dale82@example.net,email
id,51d79d4a-a305-42c4-9399-b1f4d74f5873,uuid
emailAddress,ortizkyle@example.org,email
url,http://peterson-garrison.com/,url
name,unknown,unknown
AVATAR_URL,http://www.conner.com/,url
Link,https://fox.com/,url
id,375264,numeric_id
order_id_val,591670,numeric_id
hasAccess,true,boolean
RandomKey,But wonder ever upon short lot town.,unknown
str_user_id,b52634ab-39d1-4e03-85e9-6ef614549f75,uuid
uui,f5f4c2dd-c833-400e-9ba1-45a8498b7009,uuid
url,http://perez.com/,url
metadata,unknown,unknown
timestamp,1978-12-09T03:52:07,date_iso
id,95de382c-5e3f-4cba-9c44-a93be3b45566,uuid
timestamp_val,1975-05-03T19:07:41,date_iso
url,https://black-coleman.com/,url
is_active,false,boolean
user-id,467366,numeric_id
verified,1,boolean
Website,https://www.silva.biz/,url
metadata,0.3041123415207191,unknown
str_is_active,1,boolean
website,http://blankenship.com/,url
is_active,True,boolean
order_id,341370,numeric_id
hasAccess,True,boolean
random-key,Steven Hines,unknown
uuid,2385144f-a5c2-4bf2-908e-3ea2a05a02e8,uuid
session_id_val,93e67869-5dc4-478e-9ea8-5b7be038a0c4,uuid
url,http://gross.info/,url
description,Terri Miller,unknown
id,643094,numeric_id
Metadata,Laura Hale,unknown
metadata,Nicole Matthews,unknown
str_random_key,unknown,unknown
website,http://scott-palmer.info/,url
val_updated_at,1971-01-20T01:57:32,date_iso
customerId,828622,numeric_id
val_metadata,Simple chair station same mention open.,unknown
created_at,1990-02-27T12:21:57,date_iso
title,unknown,unknown
id,113663,numeric_id
TIMESTAMP,2015-11-01T23:59:08,date_iso
USER_ID,0f899028-2594-41ea-a7f9-7dfdabbc81f0,uuid
user_email,leslie91@example.com,email
enabled,0,boolean
val_enabled,false,boolean
user-email,bryan11@example.net,email
ORDER_ID,88803,numeric_id
AvatarUrl,https://burke.com/,url
val_title,N/A,unknown
ContactMail,thomasrivera@example.com,email
random_key_val,0.32464764126443446,unknown
name,N/A,unknown
user_email_val,ecuevas@example.org,email
description,Meghan Dodson,unknown
RandomKey,unknown,unknown
updated_at,2024-02-12T03:11:43,date_iso
guid,f1d5e5fa-f551-4836-91af-d2cc2b2c791d,uuid
str_description,N/A,unknown
created-at,1988-01-11T02:59:30,date_iso
id_val,25658,numeric_id
user-id,471914,numeric_id
HasAccess,false,boolean
AVATAR_URL,https://www.palmer.com/,url
enabled,1,boolean
contactMail,ericsalazar@example.com,email
timestamp,2018-09-08T22:43:34,date_iso
isActive,0,boolean
email-address,wrogers@example.com,email
val_id,679836,numeric_id
link_val,http://www.ponce-chase.com/,url
METADATA,Jackie Chen,unknown
IS_ACTIVE,True,boolean
website,http://www.johns.biz/,url
description_val,Vanessa Kim,unknown
sessionId,5f20a421-e239-4b51-a803-a75a9420de66,uuid
id,300084,numeric_id
Id,303535,numeric_id
description_val,N/A,unknown
email_val,tthomas@example.net,email
val_random_key,0.04373370830024281,unknown
ContactMail,jherrera@example.com,email
str_timestamp,2009-12-01T16:18:50,date_iso
date_of_birth,2005-10-14T09:27:29,date_iso
title_val,unknown,unknown
emailAddress,debbie36@example.net,email
RANDOM_KEY,There really throughout rate my defense.,unknown
WEBSITE,https://www.saunders.biz/,url
user_id_val,764ec08b-10c1-41dc-8b6f-9d4c65a82992,uuid
description,N/A,unknown
link,http://www.stevenson-wells.org/,url
is-active,0,boolean
avatar_url_val,http://harper.org/,url
OrderId,437765,numeric_id
avatar_url,http://www.leonard.org/,url
ORDER_ID,578252,numeric_id
email_val,jenniferjones@example.org,email
email,sean92@example.net,email
link,http://www.morrison-luna.com/,url
random-key,Paula Smith,unknown
orderId,192148,numeric_id
email,jacqueline65@example.com,email
str_order_id,559241,numeric_id
randomKey,unknown,unknown
order_id,579626,numeric_id
name,unknown,unknown
uuid,f6eb608e-f0ad-40b5-a1a1-e9bcc533ef77,uuid
date_of_birth,1972-05-27T03:43:24,date_iso
ORDER_ID,141655,numeric_id
title,Rate painting structure former into.,unknown
id,846622,numeric_id
val_link,https://www.carlson-morrison.com/,url
date_of_birth,2002-04-02T21:17:33,date_iso
NAME,N/A,unknown
description,0.03334518858617441,unknown
title,unknown,unknown
email_address,scook@example.net,email
val_description,0.40059821870237233,unknown
id,772994,numeric_id
updated_at,1977-02-24T20:10:39,date_iso
website,http://www.moore.info/,url
timestamp,1988-05-26T16:46:38,date_iso
DESCRIPTION,N/A,unknown
updated-at,2006-02-04T22:53:07,date_iso
customer_id,87107,numeric_id
VERIFIED,1,boolean
orderId,916578,numeric_id
sessionId,d62b8794-81c1-4b67-ac36-e150a5c363e0,uuid
UpdatedAt,2008-11-28T20:37:00,date_iso
link,http://mcdaniel-ross.com/,url
enabled,True,boolean
email,jenna54@example.net,email
DateOfBirth,1984-02-27T12:51:41,date_iso
title_val,0.9309523344392248,unknown
updatedAt,1995-11-28T00:46:04,date_iso
EMAIL,emilygreen@example.net,email
metadata,Joseph Valdez,unknown
id,529300,numeric_id
str_description,unknown,unknown
val_enabled,0,boolean
EmailAddress,mbarrera@example.net,email
url,https://www.keller.info/,url
enabled,false,boolean
link,http://barnes.com/,url
title,unknown,unknown
str_description,0.49422578093459935,unknown
enabled_val,0,boolean
is_activ,false,boolean
str_order_id,338700,numeric_id
val_updated_at,1977-08-10T10:13:49,date_iso
description,Christopher Diaz,unknown
name,N/A,unknown
link,http://johnson.com/,url
random_ke,Morgan Beard,unknown
is-active,True,boolean
dateOfBirth,2008-09-05T17:37:24,date_iso
url,http://reed-obrien.biz/,url
title,N/A,unknown
title_val,unknown,unknown
customer_id_val,486403,numeric_id
str_name,Eye impact serve yet example beautiful.,unknown
val_user_email,pamelacannon@example.com,email
user_id,600539,numeric_id
str_url,http://www.alvarez-marquez.com/,url
str_session_id,d65aa773-3292-4aee-b771-7d271485dbfa,uuid
DateOfBirth,2008-08-17T19:08:35,date_iso
val_title,unknown,unknown
metadata,0.7617544650164579,unknown
random_key_val,N/A,unknown
str_user_id,317987,numeric_id
Email,christophersanders@example.com,email
EmailAddress,robert00@example.com,email
USER_ID,719232,numeric_id
name,N/A,unknown
user-id,1fac76c7-08ac-41ab-9126-661c350030e2,uuid
id,943431,numeric_id
metadata,Here physical tough organization our.,unknown
date_of_birth,1995-03-06T13:24:55,date_iso
val_website,https://carlson.net/,url
link,http://www.santana-ortega.net/,url
random_key,Everyone end data relate win third.,unknown
title,Mrs. Mary Perez,unknown
created-at,1978-12-22T23:14:10,date_iso
metadata,Emily Lin,unknown
verified,false,boolean
random_key,unknown,unknown
id,eb8c67f3-f896-4f80-9d49-accead57909e,uuid
created-at,2017-12-14T06:19:13,date_iso
Id,ade89ad8-4382-4c8c-8d7e-fa4479615009,uuid
metadata,Record similar population rule skin senior.,unknown
sessionId,4ca5e6ee-6886-4bcb-9da1-ef81edb7836f,uuid
str_title,N/A,unknown
created_at_val,1979-11-02T14:39:45,date_iso
LINK,http://www.padilla.com/,url
val_url,https://www.romero.com/,url
updated_at_val,2005-02-15T23:22:34,date_iso
timestamp,2016-09-11T17:43:26,date_iso
timestamp,1973-05-12T12:17:36,date_iso
created_at,1979-01-21T18:31:48,date_iso
name,0.02886940261497961,unknown
random_key,unknown,unknown
val_user_id,913086,numeric_id
date_of_birth_val,2008-07-07T23:44:28,date_iso
enabled,False,boolean
EMAIL,smithbrittany@example.org,email
verified,true,boolean
str_avatar_url,http://www.jones.com/,url
email_val,utaylor@example.org,email
UPDATED_AT,1981-08-25T16:33:44,date_iso
Url,https://wilson-evans.com/,url
has_access,false,boolean
CreatedAt,2016-05-04T07:42:55,date_iso
TITLE,Jill Sanchez,unknown
updatedAt,1982-01-12T23:51:49,date_iso
random_key_val,0.6850781654250719,unknown
UUID,1754e216-76c0-4d93-bda6-5d32862ee209,uuid
Enabled,True,boolean
str_title,Angie Kim,unknown
UserEmail,derrick46@example.org,email
is_active,True,boolean
val_user_id,23601,numeric_id
contact-mail,amandarobinson@example.com,email
CreatedAt,1976-09-28T14:56:08,date_iso
contact_mail_val,jodi10@example.net,email
title,0.05876262731636184,unknown
user_id,940319,numeric_id
str_metadata,Susan Schultz,unknown
id,663107,numeric_id
enabled,True,boolean
str_link,https://marshall.com/,url
contact_mail,bharris@example.org,email
id,130879,numeric_id
id_val,982469,numeric_id
val_enabled,True,boolean
website,https://www.guzman-perez.com/,url
str_avatar_url,http://www.herrera.info/,url
WEBSITE,http://west.com/,url
VERIFIED,True,boolean
val_metadata,0.05635472550891829,unknown
guid,245a24da-f4d9-44ae-8a34-ade9288ac9d2,uuid
id,655262,numeric_id
user_email,reginald97@example.org,email
order_id,14982,numeric_id
val_user_email,kjones@example.org,email
Metadata,unknown,unknown
order-id,11305,numeric_id
user_id,eebb4b5a-edf6-4598-9147-92f8fd83342b,uuid
DESCRIPTION,Care not player impact provide type.,unknown
user_id,626213,numeric_id
CreatedAt,1975-11-21T09:15:18,date_iso
date_of_birth,2005-04-11T15:24:01,date_iso
name,N/A,unknown
website,http://green-olson.com/,url
customer_id,657710,numeric_id
id,241386,numeric_id
str_avatar_url,http://conner.org/,url
avatar_url,https://santiago-campbell.info/,url
description,0.8125730196041192,unknown
link,http://chan.com/,url
created_at,2013-09-26T17:20:13,date_iso
metadata,0.7315835274956946,unknown
URL,https://rice.org/,url
val_metadata,0.26755949173131743,unknown
guid,43392221-6655-4eee-89c6-cf560ff1be6e,uuid
description,N/A,unknown
id,892540,numeric_id
is-active,1,boolean
timestamp,2007-03-16T00:45:37,date_iso
CUSTOMER_ID,472218,numeric_id
Metadata,Paul Chen,unknown
title,Once concern hotel capital in feel himself.,unknown
is_active,True,boolean
str_has_access,true,boolean
name_val,Michael Schroeder,unknown
id,2e6f9625-bd0d-40dc-bcc1-056f1842d5fb,uuid
str_is_active,True,boolean
title,unknown,unknown
str_created_at,2019-08-30T08:10:18,date_iso
title,0.930818921452841,unknown
str_link,https://norton-romero.com/,url
RANDOM_KEY,Rebecca Mills,unknown
metadata,unknown,unknown
CUSTOMER_ID,893987,numeric_id
USER_EMAIL,michael27@example.org,email
str_user_id,b15ddd1f-d3de-42be-8277-3f140bd6259b,uuid
str_timestamp,2010-12-04T16:40:16,date_iso
UserId,781701,numeric_id
uuid,67940045-ee39-4c6a-b039-3dbf11e5180c,uuid
HAS_ACCESS,false,boolean
val_random_key,0.8627499883784182,unknown
str_random_key,0.4682447263532753,unknown
created_at,1975-02-19T16:25:15,date_iso
str_id,555611,numeric_id
website,http://schroeder.info/,url
email,kcombs@example.org,email
Verified,False,boolean
guid,acb98a8e-cb13-4f74-9d20-4604c3f20853,uuid
ID,543069,numeric_id
title,Michael Kline,unknown
is_active,0,boolean
random_key,Language growth seem paper institution.,unknown
metadata_val,N/A,unknown
val_enabled,true,boolean
link,http://jones-terry.biz/,url
val_updated_at,2016-06-15T02:07:50,date_iso
URL,https://www.smith.com/,url
CREATED_AT,1988-12-09T14:28:48,date_iso
id,814388,numeric_id
uuid,7f0f6097-6973-4408-b891-ce8995c35893,uuid
email_address_val,trujilloangela@example.com,email
updated_at,2014-06-08T12:29:24,date_iso
website,https://www.holloway.com/,url
customer_id_val,897348,numeric_id
str_name,Jessica Knox,unknown
description,0.7582064076707993,unknown
USER_EMAIL,charleshooper@example.org,email
description_val,Maintain least involve.,unknown
AvatarUrl,https://bates.net/,url
email_val,hallaaron@example.com,email
str_contact_mail,rodriguezpatricia@example.com,email
Website,https://www.gallegos-perez.net/,url
val_user_id,836566,numeric_id
val_random_key,N/A,unknown
userId,a2b404e5-8782-4695-907e-1bf32a432d4f,uuid
val_metadata,Barbara Morrison,unknown
enabled_val,0,boolean
DESCRIPTION,Anything inside task board society this.,unknown
random_key,Courtney Davis,unknown
AvatarUrl,https://campbell-crawford.info/,url
str_link,http://sexton.info/,url
updated_at,2020-07-05T12:56:38,date_iso
guid,b51a5199-f29c-4329-81d0-40e350fd65a5,uuid
Name,0.31441327002217756,unknown
LINK,https://estrada.com/,url
Metadata,Lot whether claim beat believe stand return.,unknown
ContactMail,castrorussell@example.org,email
str_user_id,1fd23874-35da-4387-ad2d-18a04334c3ae,uuid
name,N/A,unknown
CONTACT_MAIL,christinahamilton@example.com,email
val_description,N/A,unknown
userId,20cab259-374f-4251-a6ec-beacaf915fe3,uuid
Timestamp,1995-08-11T05:11:00,date_iso
METADATA,N/A,unknown
title,0.5515762966648413,unknown
str_description,N/A,unknown
email,angela10@example.com,email
date-of-birth,1987-06-17T06:52:14,date_iso
str_contact_mail,kenneth79@example.com,email
website,https://www.oconnor.com/,url
name,Either food easy structure around to dinner.,unknown
is_activ,0,boolean
updated_at,1981-02-08T09:09:12,date_iso
str_title,0.6875939940848169,unknown
order-id,511712,numeric_id
name,unknown,unknown
METADATA,0.024759911152171465,unknown
customer-id,536212,numeric_id
customer_id,477426,numeric_id
description,Mind worker decide card unit care show laugh.,unknown
title,N/A,unknown
session_id,e1134d70-372d-49bd-b86c-e508743bb89d,uuid
contact_mail,cabrerapatrick@example.net,email
title,Defense street brother born marriage leave.,unknown
user_id,991351,numeric_id
random_key,Trouble after join why.,unknown
VERIFIED,true,boolean
UserId,48246854-987f-4ccc-90d6-14a8fb3057c6,uuid
dateOfBirth,2021-09-22T05:20:39,date_iso
metadata,N/A,unknown
enabled,false,boolean
customer_id,688896,numeric_id
str_random_key,N/A,unknown
avatar-url,https://stanley.biz/,url
id,c42a59c6-40c8-45ae-a995-3cd80d106b17,uuid
str_is_active,0,boolean
DESCRIPTION,Mary Porter,unknown
val_contact_mail,bowenjacob@example.net,email
title,Raise husband tough lay body fine available.,unknown
EMAIL_ADDRESS,elizabethholloway@example.org,email
val_id,310707,numeric_id
str_is_active,false,boolean
name,Alexis Cook,unknown
metadata,0.17341496220439667,unknown
description_val,Thomas Hill,unknown
str_created_at,2018-11-27T10:59:18,date_iso
NAME,Me everything article.,unknown
website,http://perry-anderson.org/,url
timestamp_val,2000-04-02T02:21:04,date_iso
updated_at_val,1986-09-13T17:25:09,date_iso
val_title,unknown,unknown
user_id,1f626db7-72f2-4fe6-b4d4-fb1ae99fd244,uuid
metadata,unknown,unknown
random_key,N/A,unknown
val_title,Reality let kid offer.,unknown
metadata,Anthony Bowers,unknown
LINK,http://lawrence.com/,url
METADATA,Sarah Williams,unknown
Guid,bb456078-b8b6-47b4-8b13-088778911ccb,uuid
customer_id,656104,numeric_id
val_user_id,e2e0f0bb-68a7-45ee-be26-29a34e81cb02,uuid
user_id,146278,numeric_id
CREATED_AT,1976-08-20T22:34:07,date_iso
val_guid,a49b0b17-cc27-4f05-baa6-5b5c8d6d2c89,uuid
is_active,true,boolean
user_email,donaldjohnson@example.net,email
contact-mail,brittanyharvey@example.com,email
Metadata,Vanessa Rich,unknown
val_contact_mail,lroberts@example.net,email
val_random_key,Above language deal.,unknown
hasAccess,0,boolean
OrderId,626068,numeric_id
name,unknown,unknown
ID,ddde6dc3-8652-4277-8e1c-f8bf28bbe6be,uuid
HasAccess,true,boolean
email_address,ericgonzales@example.net,email
user_email,chelseymahoney@example.org,email
val_created_at,1981-10-12T16:32:40,date_iso
str_updated_at,1995-04-26T18:51:24,date_iso
str_random_key,N/A,unknown
Verified,True,boolean
val_random_key,Everything rule once will half.,unknown
val_user_id,a63f610b-57a5-4ddd-8b77-e8159f44b4c7,uuid
str_user_id,e8d40f55-fb61-4819-9dc1-9ddc3fc17084,uuid
WEBSITE,http://flynn.com/,url
id,b839b717-2de2-4220-9829-ae6182f79c94,uuid
RANDOM_KEY,Grant Boone,unknown
title_val,Matthew Lee,unknown
userId,db70c611-9604-4979-aa4e-272e70b2f7f2,uuid
val_title,Wish school share sister provide interest.,unknown
verified,true,boolean
str_link,http://lee.com/,url
random_key_val,unknown,unknown
UUID,3d1eab22-2107-423a-bc48-5c27d5c1fa13,uuid
enabled,False,boolean
updated_at_val,1982-05-15T05:47:18,date_iso
is_active,True,boolean
id_val,489154,numeric_id
enabled,False,boolean
val_description,0.2319334448212259,unknown
name,N/A,unknown
email_val,xeverett@example.com,email
str_random_key,N/A,unknown
str_website,https://cook.com/,url
val_email_address,mhampton@example.com,email
val_metadata,National it picture bed raise former environmental commercial.,unknown
EMAIL,macdonaldtaylor@example.org,email
user_id,74936,numeric_id
val_updated_at,2013-03-22T02:55:42,date_iso
updatedAt,1971-02-02T18:48:11,date_iso
IS_ACTIVE,0,boolean
order_id,124192,numeric_id
hasAccess,False,boolean
user_email,melanie35@example.com,email
RANDOM_KEY,0.9446954645892999,unknown
uuid,db32d827-a270-4e69-9f1f-280e1f18bafe,uuid
link,http://www.jensen.com/,url
verified,False,boolean
description_val,Richard Jackson,unknown
user_email,balljack@example.com,email
contact-mail,anthonylee@example.net,email
str_user_id,61616,numeric_id
val_description,unknown,unknown
str_id,4e1002cf-8a2e-4d92-a216-493fe8daa8a5,uuid
guid,0326c9ab-3400-4284-b257-ce7dc3a05e15,uuid
name,Finally social catch skin go.,unknown
name,N/A,unknown
date_of_birth,1970-09-24T12:29:20,date_iso
str_user_email,collinscasey@example.net,email
str_uuid,9c982f96-4160-46bf-b1f3-7da8356282bd,uuid
str_id,138509,numeric_id
GUID,6734ce26-4372-46e4-8ad8-e4d652412d83,uuid
UpdatedAt,1974-10-27T00:02:16,date_iso
description_val,unknown,unknown
metadata,Gavin Fuentes,unknown
contact_mai,candice94@example.com,email
verified,false,boolean
contact_mail,philip77@example.com,email
name,Connie Davis,unknown
title,Town mind bill idea list hospital.,unknown
val_random_key,N/A,unknown
customer_id,338586,numeric_id
HAS_ACCESS,1,boolean
str_has_access,0,boolean
date_of_birth_val,2020-09-27T10:19:07,date_iso
user_id,420240,numeric_id
verified,True,boolean
CustomerId,755373,numeric_id
val_title,N/A,unknown
eml,colinjohnston@example.com,email
title,More ahead particularly series civil there.,unknown
DATE_OF_BIRTH,1982-07-21T18:49:49,date_iso
metadata,unknown,unknown
OrderId,175241,numeric_id
user_email_val,fernandezryan@example.org,email
description,Point believe age plan history tend.,unknown
val_order_id,284544,numeric_id
UserId,910419,numeric_id
Email,laraamanda@example.net,email
val_guid,d1fd0af3-fa96-4fc4-8e7f-4627987d9588,uuid
has_access_val,0,boolean
link_val,http://www.adams.com/,url
val_created_at,2013-10-05T12:41:28,date_iso
CreatedAt,1996-06-09T08:33:44,date_iso
timestamp,2006-11-15T15:48:37,date_iso
DESCRIPTION,0.8685865807458937,unknown
AVATAR_URL,https://www.hancock-ramos.com/,url
name,unknown,unknown
USER_ID,da443eab-0fa4-4803-a4ea-41deba48fbca,uuid
contact-mail,rachel84@example.com,email
str_contact_mail,marissa63@example.com,email
uuid,421506f1-2a51-4fc1-9db4-7e34be12cde8,uuid
description,N/A,unknown
str_has_access,0,boolean
user_id,b59768a6-77bb-47ac-9d5c-248d3e67557e,uuid
userId,17042,numeric_id
str_url,https://www.simmons-lee.biz/,url
description,0.6424518044427031,unknown
id,e1f74924-4330-4706-a373-322cdfd62e6a,uuid
val_description,0.3059209533329027,unknown
NAME,unknown,unknown
date_of_birth,1975-09-22T07:41:04,date_iso
link,https://mckenzie.com/,url
Website,https://www.willis-ball.com/,url
email,popeanthony@example.net,email
timestamp,1979-07-11T02:33:50,date_iso
user_id,492790,numeric_id
name,unknown,unknown
avatar_url_val,http://www.jones-strickland.biz/,url
val_customer_id,375485,numeric_id
str_has_access,1,boolean
EMAIL_ADDRESS,gina30@example.net,email
str_url,http://www.silva.com/,url
str_title,N/A,unknown
Verified,false,boolean
contact_mail,fsmith@example.net,email
customer-id,827737,numeric_id
link,http://www.myers-thomas.org/,url
user_email_val,evan45@example.org,email
USER_ID,5ff540d3-4569-43ce-b250-3a64c5eb6860,uuid
title,0.264245081961893,unknown
user_email,leeallison@example.com,email
session_id_val,b881957f-2f85-4149-9c39-10fc18c21b54,uuid
Metadata,unknown,unknown
description_val,Brian Stokes,unknown
email,codylopez@example.com,email
user_id,890f15c9-69a5-4a66-a585-745cec74cb01,uuid
str_description,Generation easy high compare service option.,unknown
str_contact_mail,desiree61@example.net,email
val_guid,32ba2838-beae-42a3-942b-1b976b2f0e8d,uuid
updated_at,2003-04-10T20:57:29,date_iso
url,https://www.coffey-patel.com/,url
website,http://robinson.net/,url
str_user_id,315044,numeric_id
val_is_active,0,boolean
email-address,villasusan@example.org,email
ENABLED,0,boolean
HasAccess,0,boolean
ID,d5d68439-b72c-4f98-b946-b3a4682a6226,uuid
str_name,unknown,unknown
session_id,93cb5229-f645-467e-b5cf-90a5806ee315,uuid
userId,91c8967c-fb0d-451f-a092-9f092ca6e0b9,uuid
Website,https://christensen-tyler.com/,url
val_guid,cb9b13de-e6e1-44e2-a5d6-1b8227c4e269,uuid
val_enabled,False,boolean
guid,25a44003-03cc-46b3-94eb-0023a3a3b3df,uuid
link,http://salinas.org/,url
website,http://www.mcintosh-blake.com/,url
WEBSITE,http://west.com/,url
Title,0.05596925551243004,unknown
user_email,riggsalexander@example.org,email
val_verified,1,boolean
email,wrightnicole@example.com,email
CREATED_AT,2019-11-23T21:15:03,date_iso
NAME,N/A,unknown
WEBSITE,https://www.rivera-garcia.net/,url
verified,0,boolean
Description,unknown,unknown
title,unknown,unknown
description,N/A,unknown
contact-mail,carolyn49@example.com,email
RandomKey,System hope standard season could husband.,unknown
updated_at,1989-03-21T15:42:15,date_iso
NAME,N/A,unknown
Link,http://www.gordon.net/,url
SESSION_ID,166b2aba-b518-412a-aa52-ff3a7ed74621,uuid
user_id,25817,numeric_id
str_title,unknown,unknown
verified,true,boolean
val_timestamp,1995-04-08T09:41:02,date_iso
customer_id,421584,numeric_id
session_id,d5ab4f3e-9de4-412c-90a2-df4298a6b300,uuid
website,https://www.boone-hopkins.org/,url
AVATAR_URL,http://www.long.net/,url
customer_id,838781,numeric_id
TIMESTAMP,2010-09-22T04:53:12,date_iso
id,403551,numeric_id
id,3db90976-7991-4890-9a2f-813180f99392,uuid
avatar_url,http://www.munoz-baird.net/,url
str_description,0.4265822549393631,unknown
user_i,db065330-a10a-4bc7-adfb-db20a1e2ba24,uuid
AVATAR_URL,https://hunter-fischer.biz/,url
str_random_key,Man individual away mission bar.,unknown
description,Condition international pretty west moment former.,unknown
val_metadata,N/A,unknown
name_val,0.5010530707392942,unknown
email,diazkimberly@example.net,email
val_random_key,0.7510266116233384,unknown
updated_a,2012-03-01T04:28:26,date_iso
Website,https://www.johnson.info/,url
str_email_address,copelandkathy@example.com,email
Title,0.5342560820716259,unknown
user-id,903640,numeric_id
str_metadata,Kelly Warren,unknown
random_key,Show network picture.,unknown
description,N/A,unknown
name,unknown,unknown
EmailAddress,christina46@example.net,email
avatar_url_val,https://roth-wright.com/,url
str_timestamp,1978-11-30T20:08:27,date_iso
dateOfBirth,1983-11-11T08:55:07,date_iso
updated_at,1977-06-03T10:08:42,date_iso
verified,0,boolean
eml_addr,suzannestewart@example.net,email
is_active,false,boolean
updatedAt,1995-12-06T16:06:28,date_iso
verified,True,boolean
enabled,0,boolean
description,Mary Allen,unknown
val_verified,0,boolean
ORDER_ID,315630,numeric_id
random_key,Reason bring attorney message.,unknown
has-access,1,boolean
randomKey,Shane Sanders,unknown
session_id,ff900db4-6135-43cd-b278-e0894c666d00,uuid
user_id_val,bfd316f3-144b-4dde-8d37-36145bee93f7,uuid
id_val,1a37cb65-ce02-4af3-bb1b-073a27b9eefd,uuid
verified,1,boolean
CUSTOMER_ID,639248,numeric_id
random_key,0.08120720514251467,unknown
str_session_id,63cb5e88-97d3-439d-87d2-22a29ad5c874,uuid
user_id,565385,numeric_id
is-active,true,boolean
val_user_id,716501,numeric_id
contact_mail,vazquezmichael@example.org,email
user-email,brianshaw@example.com,email
str_uuid,a11b47fb-6ffa-452d-a81e-f4c142329c55,uuid
SESSION_ID,09cc4d0f-5a86-4698-b733-979e94d507e4,uuid
description,Image from because sense participant measure.,unknown
metadata_val,Kimberly Wright,unknown
gui,ac9a1482-4d4b-42dc-9f39-450d227bb0bb,uuid
CustomerId,436212,numeric_id
uuid,9f90001c-1545-4dfb-b761-a92a8d7e8838,uuid
has_access,False,boolean
val_description,N/A,unknown
str_avatar_url,http://www.miller.org/,url
name,Michelle Wilson,unknown
str_uuid,90960391-27e2-4001-af60-36834f32fabd,uuid
DateOfBirth,2023-11-12T16:22:44,date_iso
date_of_birth,1992-11-17T04:16:36,date_iso
customer_id_val,503984,numeric_id
Title,That sing spend though important huge probably.,unknown
url,https://morrison.com/,url
val_random_key,Kind final talk condition generation investment wall.,unknown
Url,https://flores.com/,url
metadata,N/A,unknown
val_user_id,0a09255c-6452-41e7-82e7-14d9f7da7351,uuid
random_key,unknown,unknown
name_val,N/A,unknown
VERIFIED,False,boolean
timestamp,1984-10-20T21:54:26,date_iso
timestamp,2019-12-11T10:58:37,date_iso
str_random_key,N/A,unknown
title,unknown,unknown
email,lisaruiz@example.net,email
UpdatedAt,1971-07-12T17:18:03,date_iso
random_key_val,Kristine Perry,unknown
metadata,Melissa Mason,unknown
Guid,1d9bdd34-c45f-4699-a31e-349ff5ce8f67,uuid
val_name,0.7160961923180164,unknown
contact_mail_val,rodgersstacey@example.com,email
guid,c6e62743-d756-44d8-af3f-d008e9285927,uuid
enabled,False,boolean
contact_mail,littlemargaret@example.org,email
DATE_OF_BIRTH,2010-07-15T16:51:08,date_iso
date_of_birth,1991-05-03T14:57:59,date_iso
id,88f25e67-8466-417c-beda-c2f37e03db2f,uuid
title,Brian Johnson,unknown
VERIFIED,0,boolean
title,Stacey Gill,unknown
link,http://sanchez.com/,url
EMAIL,amandawatson@example.com,email
order_id,135116,numeric_id
IS_ACTIVE,False,boolean
str_title,0.8096139581090771,unknown
avatar_url,http://walker-carson.com/,url
metadata,Kristina Trujillo,unknown
link,https://www.brown.com/,url
str_enabled,False,boolean
timestamp,2008-06-11T14:40:34,date_iso
str_link,http://alvarado-thompson.com/,url
has_access_val,True,boolean
updated_at_val,2011-10-10T04:39:45,date_iso
val_email,jjenkins@example.com,email
Verified,false,boolean
str_link,http://carlson.com/,url
name,N/A,unknown
userId,fdb052f3-2d88-4bb2-84d1-f904b49ac7b7,uuid
DESCRIPTION,N/A,unknown
val_metadata,Emily Turner,unknown
val_description,Samuel Hubbard,unknown
DateOfBirth,2026-03-15T16:23:49,date_iso
user_eml,debramunoz@example.org,email
RANDOM_KEY,Maybe memory give improve.,unknown
created_at,2018-06-21T09:53:58,date_iso
str_enabled,False,boolean
NAME,0.7619479937205935,unknown
customer_id,637374,numeric_id
email,fcook@example.org,email
val_timestamp,2008-04-05T15:15:20,date_iso
updated_at,1994-03-23T06:47:08,date_iso
SessionId,9ad8310c-89f7-4677-8c8b-a393e05528a0,uuid
ORDER_ID,955093,numeric_id
verified,True,boolean
val_avatar_url,https://ware-oconnell.com/,url
website,http://www.burnett.biz/,url
user_id_val,415889,numeric_id
website,https://patton.net/,url
str_timestamp,2013-06-13T18:38:47,date_iso
email,campbellharry@example.com,email
val_contact_mail,bretthess@example.com,email
guid,f13cd5a2-2c07-4a52-b1a5-3fb8310f49bb,uuid
TITLE,Improve around base never activity she I.,unknown
date-of-birth,1996-02-23T12:25:30,date_iso
enabled_val,True,boolean
val_verified,False,boolean
str_user_email,natalie43@example.com,email
user-email,turnerjohn@example.net,email
isActive,1,boolean
avatar_url,https://stark.info/,url
DATE_OF_BIRTH,1999-12-20T09:50:23,date_iso
str_order_id,745782,numeric_id
ID,859459,numeric_id
website_val,https://thompson.org/,url
val_timestamp,1988-01-06T21:26:28,date_iso
created-at,1976-12-23T04:53:46,date_iso
contactMail,eric02@example.com,email
CreatedAt,2015-09-03T23:30:22,date_iso
date-of-birth,2025-07-04T14:38:34,date_iso
has_access,True,boolean
user_id,455410,numeric_id
created_at_val,2003-04-04T11:26:37,date_iso
NAME,Eric Jackson,unknown
description,Angela Edwards,unknown
session_i,e3a70090-e5ae-42dd-838c-dce3b826f037,uuid
str_verified,true,boolean
str_id,36ca37a5-b202-4daf-9ea7-2f856c5a2275,uuid
DateOfBirth,1970-11-24T18:03:13,date_iso
CUSTOMER_ID,561199,numeric_id
Description,Paul Wilson,unknown
Link,http://livingston.com/,url
eml,jasondavis@example.com,email
verified,True,boolean
email-address,michael76@example.org,email
description,Environmental available road operation fight bit voice.,unknown
avatar-url,https://www.mcintyre.org/,url
title,0.5243512756573222,unknown
val_link,https://gill.com/,url
verified,True,boolean
CUSTOMER_ID,338142,numeric_id
RANDOM_KEY,Victoria Lewis,unknown
val_customer_id,835556,numeric_id
description,Christine Mueller,unknown
URL,https://kim.com/,url
email,clifford94@example.com,email
val_email_address,sandovalangela@example.org,email
str_id,848981,numeric_id
str_url,https://jones.com/,url
LINK,https://www.cole.net/,url
DESCRIPTION,N/A,unknown
is_active,True,boolean
email,brandonsparks@example.net,email
link,https://www.bernard.com/,url
userId,997599,numeric_id
has_access,False,boolean
order-id,836793,numeric_id
has_access,False,boolean
str_random_key,N/A,unknown
str_name,Richard Moore,unknown
website,https://www.simon.com/,url
DESCRIPTION,N/A,unknown
is-active,False,boolean
id,421692,numeric_id
RANDOM_KEY,Patrick Jenkins,unknown
metadata,unknown,unknown
random_key_val,N/A,unknown
val_avatar_url,https://carr-flynn.com/,url
random_key,0.18210849042421418,unknown
metadata_val,Keith Cardenas,unknown
UPDATED_AT,1978-04-11T13:09:00,date_iso
metadata_val,Heart set factor idea employee whatever executive such.,unknown
metadata,Jacqueline Miller DDS,unknown
has_access,false,boolean
user_eml,kevin99@example.net,email
id,800550b3-5658-4a87-93bf-7d46af74a3cc,uuid
description,N/A,unknown
name,unknown,unknown
random-key,Xavier Davenport,unknown
id,990346,numeric_id
val_random_key,N/A,unknown
metadata_val,unknown,unknown
website,https://rivera.com/,url
id,803524,numeric_id
Metadata,Nathaniel Jimenez,unknown
DESCRIPTION,unknown,unknown
email,pam91@example.com,email
has_access,false,boolean
val_customer_id,434707,numeric_id
val_description,Water big history still stand.,unknown
dateOfBirth,2019-12-10T14:31:07,date_iso
name,Gabrielle Brooks,unknown
id_val,398560,numeric_id
val_order_id,839033,numeric_id
email_address,steve03@example.net,email
val_verified,1,boolean
avatar_url,http://moore.com/,url
avatar-url,https://welch.com/,url
updated_at_val,2022-09-01T22:16:30,date_iso
contact-mail,eric94@example.net,email
session_id,61bde83b-be18-4360-9037-b2eed1763cbe,uuid
avatar_url,https://www.fisher.biz/,url
EMAIL_ADDRESS,troy23@example.net,email
website,https://www.walters.com/,url
RandomKey,0.7283333593084689,unknown
randomKey,N/A,unknown
id,419217,numeric_id
val_customer_id,689906,numeric_id
str_verified,false,boolean
val_description,N/A,unknown
emailAddress,wwiggins@example.net,email
str_description,unknown,unknown
val_verified,False,boolean
USER_EMAIL,joshua64@example.com,email
website,http://www.barnes.com/,url
email-address,castrozoe@example.org,email
title,N/A,unknown
USER_ID,be351efb-154d-49a9-839d-239e681a9118,uuid
ID,cfac4daf-3d73-4f80-b112-9b89458266a1,uuid
enabled_val,0,boolean
val_user_email,adambrown@example.net,email
DateOfBirth,1995-04-11T23:34:13,date_iso
contactMail,cookamanda@example.net,email
Timestamp,1991-05-01T09:58:55,date_iso
email_val,danielbarry@example.org,email
description,unknown,unknown
str_link,http://marsh.biz/,url
metadata,Health American reflect modern.,unknown
name,Nicholas Wells,unknown
str_user_email,johnsoneric@example.com,email
str_has_access,1,boolean
guid,4d53c26e-3d98-4405-b0a5-d02f9ce10ad9,uuid
created-at,1985-05-24T19:08:33,date_iso
enabled,False,boolean
guid,5ee4ca78-13bc-4a43-88eb-338f3d538d50,uuid
val_contact_mail,washingtonapril@example.com,email
enabled,0,boolean
randomKey,0.1716852245301208,unknown
user-id,a4bc08ac-ecf4-492a-8539-1c1bcf873006,uuid
uuid,5305cabb-3c47-44bc-b190-af84915d9892,uuid
uuid,bc3b0864-7754-473a-aff6-8006debb7ec4,uuid
val_link,https://www.garrett.com/,url
email_address,qdickerson@example.org,email
is_active,True,boolean
name,0.7289238450061345,unknown
uuid,60c01c67-d53a-4710-baa0-094b42773f0d,uuid
updated-at,1983-10-06T17:23:29,date_iso
val_avatar_url,http://braun.com/,url
str_updated_at,1999-10-29T18:07:43,date_iso
hasAccess,1,boolean
title_val,unknown,unknown
has_access,0,boolean
UpdatedAt,1995-03-13T19:21:30,date_iso
UserId,d552ef38-c06b-4378-a290-74ba4ca2345f,uuid
Link,http://johnson-lee.com/,url
order_id,379404,numeric_id
str_title,N/A,unknown
val_session_id,1a9ea502-0611-4ac9-91bb-bdf25b32176a,uuid
str_has_access,true,boolean
timestamp_val,2024-07-01T15:44:38,date_iso
title,Tend wrong blood six.,unknown
url,http://www.ellis.com/,url
email_address,kgibson@example.org,email
USER_EMAIL,irodriguez@example.com,email
updated_at_val,1982-01-17T08:37:04,date_iso
description_val,N/A,unknown
random_key,N/A,unknown
created_at,2003-01-04T09:03:48,date_iso
UpdatedAt,1981-01-15T21:35:05,date_iso
createdAt,2002-01-27T04:08:11,date_iso
has-access,True,boolean
url,http://www.mcguire.com/,url
id,893201,numeric_id
description,John Alexander,unknown
is_active,False,boolean
Metadata,Annette Graves,unknown
EMAIL,psmith@example.org,email
name_val,0.630209199346424,unknown
HAS_ACCESS,false,boolean
ENABLED,True,boolean
id_val,115915,numeric_id
eml_addr,thomasgavin@example.com,email
url,https://brown.com/,url
has_access,false,boolean
contactMail,iwilliams@example.com,email
website,https://cruz.org/,url
description,0.658378195239184,unknown
updated_at,2018-10-14T18:25:35,date_iso
website,https://www.stewart.biz/,url
UPDATED_AT,1986-10-01T12:22:18,date_iso
updated_at,1997-05-08T23:58:49,date_iso
str_contact_mail,robinsonbrandon@example.org,email
metadata,Sheila Larson,unknown
description,0.7222829534791142,unknown
website,https://rivera.org/,url
randomKey,0.7725950628379653,unknown
title,0.21130144367684645,unknown
Enabled,true,boolean
WEBSITE,http://knight.net/,url
val_date_of_birth,2019-04-25T16:11:49,date_iso
id,155844,numeric_id
METADATA,Choice history ten activity owner until two.,unknown
enabled,false,boolean
description,unknown,unknown
customer_id,14565,numeric_id
USER_ID,e27c92d1-099d-4b6d-8ddb-25c6af2d3924,uuid
metadata,Carolyn Ortiz,unknown
date_of_birth_val,2014-05-25T20:41:02,date_iso
Enabled,1,boolean
user_email,james76@example.net,email
str_id,b8b1cfd4-1bec-4ad5-b053-02b2255a634a,uuid
name,N/A,unknown
timestamp_val,2025-12-23T18:26:05,date_iso
val_description,Stephanie Campbell,unknown
is_active,True,boolean
Name,0.12402034374493043,unknown
url_val,https://www.brown.com/,url
avatar_url,https://www.arnold.info/,url
LINK,https://watkins.com/,url
emailAddress,stacystevens@example.net,email
email,lthompson@example.org,email
title,N/A,unknown
val_date_of_birth,1988-09-05T10:55:49,date_iso
user_id,815278,numeric_id
DATE_OF_BIRTH,1995-03-12T20:34:32,date_iso
has-access,False,boolean
UpdatedAt,2011-07-03T05:14:22,date_iso
id,880054,numeric_id
str_customer_id,837062,numeric_id
str_contact_mail,sjones@example.org,email
val_enabled,True,boolean
id,709747,numeric_id
UUID,5141b0bb-7f99-412c-b30f-faf4a947103d,uuid
HasAccess,false,boolean
updated-at,2010-07-12T04:54:54,date_iso
uuid,558e0384-c0a8-43cf-ab9b-f91abd632327,uuid
name,N/A,unknown
title,0.8819272931785355,unknown
id,c37c14bf-5a85-49d7-a6c8-95e607d52ec4,uuid
user_email_val,philip37@example.com,email
val_is_active,1,boolean
website,http://watkins.com/,url
AVATAR_URL,http://www.carpenter.com/,url
EMAIL,miahudson@example.com,email
val_order_id,12104,numeric_id
URL,http://shannon.com/,url
guid,fb1920a0-7a5e-4bb8-8273-068188e3108c,uuid
TITLE,N/A,unknown
description_val,unknown,unknown
contact_mail,matthew39@example.net,email
url,http://www.simmons.com/,url
LINK,http://morrow.net/,url
val_verified,true,boolean
website,http://www.smith.biz/,url
user_id_val,19a64a27-4a1e-45bd-ac19-3d3c0f4ad76d,uuid
url,https://www.esparza.com/,url
Link,http://davis-bryant.com/,url
str_metadata,0.7555487158869154,unknown
metadata_val,Production town member also produce new big.,unknown
str_title,unknown,unknown
str_title,Kayla Smith PhD,unknown
str_enabled,0,boolean
id,44394,numeric_id
RANDOM_KEY,N/A,unknown
enabled,1,boolean
user-id,187222,numeric_id
updatedAt,2010-10-05T16:57:42,date_iso
verified,0,boolean
timestamp,1986-04-10T00:05:56,date_iso
is_active,0,boolean
str_order_id,873647,numeric_id
str_id,b11d251c-1814-4310-b6b0-1e1f45780f56,uuid
USER_EMAIL,catherineramirez@example.org,email
emailAddress,jamesjulie@example.org,email
UpdatedAt,2013-01-18T05:07:51,date_iso
title,unknown,unknown
ENABLED,True,boolean
Metadata,N/A,unknown
metadata,Order effect sister.,unknown
description,Tonight case customer anyone.,unknown
description,unknown,unknown
verified,true,boolean
val_timestamp,1985-03-13T18:33:47,date_iso
RANDOM_KEY,0.8335347280767532,unknown
user-email,garciajames@example.com,email
val_title,0.37310083902067326,unknown
createdAt,1982-06-22T17:23:49,date_iso
AVATAR_URL,https://pearson.com/,url
link,https://jones.com/,url
DATE_OF_BIRTH,1999-05-26T01:51:46,date_iso
uuid,9b0da7c7-41ef-4373-8bd3-dfda74b7642e,uuid
name,Philip Lowery,unknown
Link,http://www.barrett-morris.info/,url
url_val,https://gallagher-thomas.com/,url
Timestamp,1989-06-26T17:34:58,date_iso
Url,http://padilla-johnson.info/,url
id_val,fcc550a5-57ad-4de1-b220-853480b422e2,uuid
DATE_OF_BIRTH,1992-06-27T14:15:30,date_iso
str_is_active,true,boolean
contact_mail_val,xwhitehead@example.org,email
RANDOM_KEY,unknown,unknown
val_contact_mail,michael52@example.org,email
DATE_OF_BIRTH,1977-11-06T17:04:15,date_iso
user_id,373942,numeric_id
url,https://www.soto.com/,url
str_link,https://www.contreras.com/,url
description,unknown,unknown
str_metadata,N/A,unknown
val_created_at,1977-10-02T17:59:30,date_iso
website,https://bell-smith.info/,url
description,unknown,unknown
val_description,Susan Harrison,unknown
user_id_val,4bd2c2d8-a56e-4204-b527-e5f595b9d83d,uuid
ContactMail,mistywalker@example.net,email
updated_at,2012-02-26T00:13:44,date_iso
Title,Score authority simply throw.,unknown
customer_id,545515,numeric_id
avatarUrl,https://www.phelps.com/,url
OrderId,834118,numeric_id
AvatarUrl,https://dixon.org/,url
str_is_active,0,boolean
enabled,0,boolean
date_of_birth_val,1984-09-16T04:57:19,date_iso
description,Katrina Griffith,unknown
date-of-birth,2018-05-30T18:39:15,date_iso
NAME,unknown,unknown
eml,erich@example.net,email
metadata,Paul Brown,unknown
order_id,881626,numeric_id
user-email,bradley95@example.net,email
url,http://flores.com/,url
UserId,89278,numeric_id
is-active,true,boolean
name_val,Direction nice close be.,unknown
Enabled,1,boolean
verified,true,boolean
str_contact_mail,avaldez@example.org,email
val_id,315265,numeric_id
uuid,8a791180-3271-4f96-872a-3556d1909054,uuid
Title,N/A,unknown
DATE_OF_BIRTH,2018-02-06T08:00:19,date_iso
eml,barbaragregory@example.com,email
metadata,0.4892715086059193,unknown
str_description,William Adams,unknown
val_title,Adam Baker,unknown
updated_at,2020-01-28T22:07:30,date_iso
SESSION_ID,fbec9891-b280-4f7d-b417-d724392943a1,uuid
str_email,meltonjoseph@example.net,email
AvatarUrl,http://www.moore.org/,url
user_email_val,thomas04@example.com,email
id,505375,numeric_id
id,f53c9467-aec7-44d0-a60f-788fb3a084ec,uuid
eml,william25@example.com,email
str_customer_id,727968,numeric_id
metadata,unknown,unknown
title,Station leave water music return.,unknown
avatarUrl,https://erickson.org/,url
AVATAR_URL,https://www.butler-mccall.info/,url
str_description,N/A,unknown
updated_at,1991-01-28T07:47:16,date_iso
title,Year area decide group team event pick car.,unknown
link,http://www.davenport.com/,url
enabled,false,boolean
str_name,Carl Townsend,unknown
website,http://www.hayes.com/,url
ContactMail,sarahfernandez@example.net,email
timestamp,1986-06-20T19:31:32,date_iso
val_timestamp,2011-03-09T09:14:32,date_iso
link,http://peck.com/,url
EMAIL_ADDRESS,sydneykelly@example.com,email
TITLE,Although matter this dream table real easy among.,unknown
description,Cover industry produce sort.,unknown
avatar_url_val,https://www.abbott.biz/,url
random_key,unknown,unknown
avatar_url,https://vaughn-thomas.com/,url
random_key,April Mcgee,unknown
timestamp,1996-08-20T20:32:48,date_iso
email,taylorjames@example.org,email
Description,unknown,unknown
CUSTOMER_ID,959962,numeric_id
name,N/A,unknown
url,https://adams.com/,url
random-key,N/A,unknown
randomKey,Only stand American radio off girl.,unknown
metadata,N/A,unknown
date_of_birth,1997-03-05T10:45:29,date_iso
val_user_id,981972,numeric_id
val_email_address,melaniemartinez@example.com,email
description,unknown,unknown
str_uuid,484ee223-3a17-4b64-ab1a-0b626e673373,uuid
val_url,https://www.caldwell.com/,url
name,A boy nearly product capital mind.,unknown
Description,unknown,unknown
session_id_val,12dfa664-ce54-4d8a-b8e2-bc6e388e6d44,uuid
is_active,True,boolean
AvatarUrl,http://www.spence-jones.biz/,url
val_is_active,False,boolean
Metadata,unknown,unknown
Guid,8688406a-3421-4ca3-bf80-a1eb4d232dd4,uuid
random_key,N/A,unknown
email,uenglish@example.net,email
random_key,Here develop bring someone finish.,unknown
sessionId,fc293350-2d0d-48ef-afe2-df6139793839,uuid
user_id,147250,numeric_id
HAS_ACCESS,0,boolean
title,Writer attorney dog mean voice media left.,unknown
str_session_id,d9b91cba-66bc-4910-8a92-dd45add113cc,uuid
random_key,0.8498350760725878,unknown
str_name,N/A,unknown
avatarUrl,https://www.ward.com/,url
HasAccess,1,boolean
description,Bill Deleon,unknown
is_active,False,boolean
id_val,282910,numeric_id
userEmail,petersonjames@example.net,email
val_id,561851,numeric_id
has_access_val,true,boolean
val_metadata,Gina Dominguez,unknown
AVATAR_URL,http://www.vang.com/,url
TITLE,0.7325805667356036,unknown
session_id,75ee9688-58a4-4b46-9e0a-82d0e79e03db,uuid
url_val,https://pruitt.net/,url
timestamp,2022-07-17T14:40:21,date_iso
link_val,http://mullen.com/,url
val_enabled,true,boolean
UserEmail,stephanie69@example.com,email
verified,0,boolean
order-id,824937,numeric_id
session_id,1e450022-1012-4be5-98ab-883deaa9bee7,uuid
metadata,unknown,unknown
user_email_val,hallkarl@example.org,email
email_address_val,ernest12@example.net,email
updated_at,2019-12-24T12:50:11,date_iso
str_customer_id,601057,numeric_id
str_link,https://www.graham.com/,url
name,Tonight sense should.,unknown
website,http://www.zuniga.biz/,url
url_val,https://www.oconnell-lewis.com/,url
str_uuid,e66bfa68-7c89-42c4-bd5e-282faf0dff3d,uuid
NAME,0.42477818638361564,unknown
IS_ACTIVE,1,boolean
val_avatar_url,https://www.melendez.biz/,url
val_verified,True,boolean
USER_ID,688596,numeric_id
str_updated_at,1980-10-18T14:02:22,date_iso
description,Nicole Kim,unknown
url_val,http://www.woods.com/,url
description,unknown,unknown
eml,alexandernelson@example.com,email
hasAccess,False,boolean
str_timestamp,2002-03-06T04:40:39,date_iso
title,unknown,unknown
UUID,30ae72ad-44b1-4016-9120-995316a96ee2,uuid
id,669661,numeric_id
metadata,N/A,unknown
url,http://www.ramirez.com/,url
random_key_val,Matthew Dean,unknown
IsActive,True,boolean
session_id,ad484174-e62a-44ef-bad9-5ccae4b18005,uuid
Title,Pick similar forward physical do work environment.,unknown
NAME,Shannon Garrett,unknown
description_val,0.273602941583608,unknown
EMAIL,jessica24@example.com,email
str_random_key,0.1686778945410794,unknown
val_id,106799,numeric_id
title,Joshua Baker,unknown
avatar_url,http://watson-jones.biz/,url
title,Successful employee local daughter your difference baby fine.,unknown
name,N/A,unknown
userId,287734,numeric_id
random-key,0.8118755293618344,unknown
timestamp,2022-08-23T17:53:37,date_iso
email,richardlewis@example.com,email
user_id,943d6b5b-5d63-4467-aca9-f3f5617181f5,uuid
CONTACT_MAIL,bryansharp@example.org,email
session_id,cb5140ad-81f7-4563-9743-9780e7680253,uuid
str_name,Assume artist bag hard bank boy.,unknown
name,0.5767397523729149,unknown
val_contact_mail,coreybrown@example.org,email
Website,https://estrada.biz/,url
random_key_val,0.7384321858482732,unknown
userEmail,wjohnson@example.com,email
id,edaec9cb-368a-4c17-8b03-d1dad5bc3cb1,uuid
UpdatedAt,2012-04-15T09:55:08,date_iso
random-key,Ball together power.,unknown
Title,unknown,unknown
EmailAddress,villachris@example.org,email
title,Provide program call toward.,unknown
str_guid,fc905f15-8d2f-4fb7-a65f-8453ba7bf898,uuid
str_website,https://hill.info/,url
order_id,710359,numeric_id
SessionId,6cc4455c-a710-495b-aafa-82dd5edf4927,uuid
metadata,N/A,unknown
val_id,47625,numeric_id
description,unknown,unknown
metadata,unknown,unknown
contact_mail,rachelrosales@example.org,email
val_timestamp,2021-06-07T04:51:42,date_iso
enabled,False,boolean
isActive,True,boolean
id,b7f2601b-78ab-47dc-ba19-42984c4e5b4d,uuid
url,http://smith-thompson.com/,url
session_id,f1a38541-1fed-4f60-9ae1-91168150c68d,uuid
LINK,https://robinson.biz/,url
str_is_active,1,boolean
uuid,bc7194f1-312e-48bc-9d2c-00af892f8e78,uuid
metadata,unknown,unknown
str_metadata,Robert Park,unknown
has_access,1,boolean
id,48c431f3-dd7a-4867-a45e-190c31aa6f55,uuid
str_user_id,377039,numeric_id
id_val,2f96bfbd-e89f-4211-a4e8-83d7e8053322,uuid
website,https://www.collins.com/,url
url,https://www.thomas.com/,url
url,https://www.atkinson.com/,url
is_active_val,false,boolean
EMAIL_ADDRESS,wendy01@example.org,email
val_customer_id,810575,numeric_id
user-email,mdavis@example.net,email
emailAddress,scottjohnston@example.com,email
metadata,0.4324839121210998,unknown
HasAccess,false,boolean
random_key_val,0.37587617352177216,unknown
str_guid,ca9c6930-85de-4722-a5b4-6d1eef4b722a,uuid
title,unknown,unknown
date-of-birth,1978-10-15T10:46:33,date_iso
randomKey,N/A,unknown
Id,2174a10e-4885-4064-a36b-3f546dab738d,uuid
id,9327f1dd-6dc8-423f-8105-f1f7dd128702,uuid
metadata,Justin Leonard,unknown
guid,219ff4b3-29c1-42f6-9ba8-37da26ca77fe,uuid
URL,https://www.johnson-miller.net/,url
has_access_val,False,boolean
title_val,Man memory know even thank free understand practice.,unknown
contact_mail_val,jlittle@example.com,email
metadata,unknown,unknown
url,http://king.com/,url
avatarUrl,https://www.stanley.com/,url
user_id,106165,numeric_id
val_has_access,1,boolean
title,Never girl enter.,unknown
website,https://fisher-woodward.com/,url
customer_i,5259,numeric_id
updated_at,1992-02-26T22:55:45,date_iso
Email,rmarks@example.net,email
val_metadata,Jonathon Velez,unknown
TITLE,Kayla Moore,unknown
is_active,false,boolean
user_email,jennifer56@example.org,email
session_id,869815e1-ef9d-4384-860f-3349c350a682,uuid
str_id,188583,numeric_id
metadata_val,Deborah Ramos,unknown
val_created_at,2011-04-20T03:59:52,date_iso
user_eml,jeremy60@example.net,email
contact_mail_val,vfriedman@example.net,email
enabled,1,boolean
title,Paul Lopez,unknown
val_updated_at,2018-03-23T14:18:11,date_iso
userId,487913,numeric_id
val_email_address,dale05@example.com,email
uuid,936d93a0-7fc5-4b7c-8a90-9cfc2eb45ae4,uuid
user_id,6657b034-ffd1-4517-91b4-944b6f98dd0a,uuid
description,unknown,unknown
EMAIL,trandakota@example.net,email
order_id_val,556163,numeric_id
Title,Ronnie Stewart,unknown
guid_val,b1b54ea2-e9b5-4940-8dbd-24df3478a9bc,uuid
avatarUrl,https://www.castillo.com/,url
Enabled,false,boolean
random_key,Left condition example whom stop hope.,unknown
SessionId,8bed46e6-f0f7-425b-ab3a-a84458b7b193,uuid
Enabled,0,boolean
str_created_at,2022-03-31T02:04:59,date_iso
metadata,N/A,unknown
random_key,unknown,unknown
verified,False,boolean
Verified,False,boolean
val_name,0.8553274924563425,unknown
CustomerId,81147,numeric_id
SESSION_ID,7a2370b0-6f7a-44ad-96e0-80a63f5049bc,uuid
ContactMail,michellerodriguez@example.net,email
AVATAR_URL,https://ray-shaw.org/,url
verified_val,0,boolean
val_is_active,True,boolean
order_id_val,69939,numeric_id
email-address,adriannelson@example.org,email
val_created_at,2025-01-03T07:45:33,date_iso
guid,9349ad01-161d-4e42-8eca-afb1e28dbef3,uuid
has_access,false,boolean
title,unknown,unknown
val_random_key,N/A,unknown
IsActive,False,boolean
user-id,5f8d0a16-b164-4ec5-837b-6aa6f8ce427a,uuid
timestamp,1988-09-03T07:48:34,date_iso
metadata,Add model remember strong technology strong style.,unknown
avatar_url,https://www.taylor-brooks.com/,url
url_val,https://owen-west.com/,url
email,jsmith@example.net,email
RANDOM_KEY,unknown,unknown
str_email,hpeterson@example.org,email
website,http://www.williams.org/,url
date_of_birth,2016-11-23T21:22:25,date_iso
id_val,e3c027b7-d0cf-4240-a280-c0ab7e095893,uuid
link,http://johnson.net/,url
userId,246025,numeric_id
verified,0,boolean
user_id,477854,numeric_id
dateOfBirth,1976-01-31T07:51:02,date_iso
val_url,http://carlson-smith.com/,url
id,252231,numeric_id
user_id,675049,numeric_id
str_is_active,True,boolean
str_email,joshuaflores@example.net,email
description,N/A,unknown
Metadata,Mission computer leave.,unknown
metadata,unknown,unknown
str_id,20312,numeric_id
user_id,171537,numeric_id
val_website,https://martin.com/,url
date_of_birth_val,1993-07-17T02:57:21,date_iso
str_user_email,qjohnson@example.org,email
random-key,0.8039162810615532,unknown
guid,1388fcf5-41fc-4dfe-b643-f769365e25d5,uuid
link,https://parker.org/,url
guid,0226fc0c-e6df-42e8-8ede-126dfa41cca4,uuid
str_random_key,Alexandra Moore,unknown
avatar_url,http://www.larsen.info/,url
avatar_url_val,http://www.wilcox.info/,url
website,https://lopez.biz/,url
SESSION_ID,24f8017b-9d89-4075-bb23-4128e3f67a8b,uuid
id,733370,numeric_id
val_name,Per watch car where.,unknown
has-access,true,boolean
val_metadata,N/A,unknown
ID,7d0a7344-e532-4747-8d30-13872e050661,uuid
IsActive,False,boolean
contactMail,ronaldmitchell@example.org,email
DESCRIPTION,unknown,unknown
USER_ID,1a67805b-13ae-4343-88ef-be3744d9e6f5,uuid
val_website,http://www.scott.com/,url
session-id,3264ece6-92f7-44d7-bc2b-587fcf4ece30,uuid
str_metadata,Johnny Johnson,unknown
random_key,N/A,unknown
val_enabled,False,boolean
contact_mail,barryrodriguez@example.org,email
id,c4979afa-d3fb-4b3a-a943-b6f47a13f866,uuid
LINK,http://www.stevens.com/,url
str_user_email,taracox@example.org,email
email,pprice@example.com,email
email,johnsmall@example.net,email
id,eaeefa42-62e5-419e-950e-b9961a030c05,uuid
Name,0.0735642010043126,unknown
val_name,0.3799748155540458,unknown
Metadata,Jordan Cook,unknown
name,N/A,unknown
user-id,de9e3181-d3a3-4b38-9c8b-712bdadf3c72,uuid
random_key,0.6444249330017383,unknown
order_id,860604,numeric_id
TIMESTAMP,2012-04-06T12:18:04,date_iso
emailAddress,nrobinson@example.com,email
verified,true,boolean
title,Throw goal amount stage must region thousand.,unknown
created_at,1989-04-18T11:11:49,date_iso
str_date_of_birth,2014-03-12T04:28:33,date_iso
avatar_url,http://baker-griffin.info/,url
val_description,N/A,unknown
UPDATED_AT,1983-11-16T13:58:28,date_iso
str_timestamp,2025-01-30T03:06:47,date_iso
enabled,0,boolean
name,0.3604262674953732,unknown
title,unknown,unknown
timestamp,2024-11-02T01:31:26,date_iso
website,http://williams.info/,url
metadata_val,0.400616229119779,unknown
Timestamp,2001-03-22T12:21:30,date_iso
random_key,N/A,unknown
updatedAt,1986-10-14T00:28:03,date_iso
metadata,Rest you type town leg arrive.,unknown
contact_mail,martinezmary@example.net,email
title,Black pay reveal east base heart technology.,unknown
val_title,0.7878641465130839,unknown
order_id,322670,numeric_id
Metadata,N/A,unknown
description,unknown,unknown
Description,unknown,unknown
timestamp,1991-10-08T14:53:38,date_iso
description,Meeting exactly particular around my represent.,unknown
random-key,0.5924015760332533,unknown
IS_ACTIVE,0,boolean
str_timestamp,2025-11-08T22:10:56,date_iso
title,unknown,unknown
str_user_email,leontheodore@example.com,email
val_title,0.3647423946141962,unknown
isActive,False,boolean
str_avatar_url,https://www.russell-owens.org/,url
userId,1335822d-bbae-4479-a016-ca0355353c58,uuid
randomKey,unknown,unknown
metadata,N/A,unknown
title,0.7378691074150183,unknown
val_timestamp,2023-04-27T12:32:28,date_iso
val_guid,d32e888a-6a3c-45c0-8ce9-79220aeb3f8e,uuid
descriptio,Karen Chang,unknown
contact_mail,erikcross@example.com,email
VERIFIED,0,boolean
metadata_val,Thomas Parker,unknown
UserId,515fbf61-cefb-4a78-a1c6-936a25a846eb,uuid
contactMail,mtrujillo@example.net,email
description,N/A,unknown
ID,9ede4a1f-cf98-4b22-bd91-b1a8c61b4644,uuid
str_is_active,False,boolean
order_id_val,674480,numeric_id
val_metadata,Brian Miller,unknown
title,unknown,unknown
metadata,N/A,unknown
val_order_id,631178,numeric_id
name,N/A,unknown
customer-id,679517,numeric_id
val_description,David Norman,unknown
ID,8e2048fb-a360-4b33-aa1c-696ba5b4e373,uuid
IS_ACTIVE,0,boolean
val_contact_mail,brandonbuchanan@example.com,email
name,Anthony Donovan,unknown
url,http://mcneil.org/,url
random_key,unknown,unknown
USER_EMAIL,taylormichael@example.net,email
email,marialopez@example.net,email
str_enabled,True,boolean
enabled,true,boolean
str_url,http://boyd.net/,url
str_customer_id,895059,numeric_id
val_url,http://yoder.com/,url
str_name,N/A,unknown
title,0.8388134527832218,unknown
email_address,wallacepaul@example.net,email
Id,e8fc73ac-30b3-4c3a-8e24-e02a5fc56f7a,uuid
val_customer_id,953450,numeric_id
Verified,true,boolean
str_title,N/A,unknown
date_of_birth,2008-05-13T09:07:10,date_iso
random-key,Figure least garden red one.,unknown
USER_ID,2f4387e4-926e-44a9-9a4e-f180d8af445b,uuid
random_key,0.02480272655483018,unknown
description_val,unknown,unknown
str_title,unknown,unknown
str_metadata,N/A,unknown
guid,db4d6d67-f16e-4e30-9da0-db27c7148392,uuid
eml,kelly20@example.org,email
id,9ef208b4-8420-4747-b7c5-4dcc90a4a147,uuid
IS_ACTIVE,true,boolean
updated_at,1993-01-29T22:33:57,date_iso
title,Least line wrong book later.,unknown
Metadata,unknown,unknown
enabled,false,boolean
val_verified,true,boolean
random_key,Treatment particular catch no machine difficult.,unknown
UserId,db09853f-157b-4050-bfe2-13f62e9e328f,uuid
val_name,0.4971977548757448,unknown
str_link,https://becker.com/,url
title,unknown,unknown
RandomKey,Forget ago usually must take keep.,unknown
has_access,0,boolean
str_has_access,false,boolean
randomKey,0.29359575536357585,unknown
val_description,N/A,unknown
Timestamp,2013-01-06T21:13:05,date_iso
date_of_birth,1977-01-08T17:48:12,date_iso
str_title,unknown,unknown
random_key_val,0.6394234481869117,unknown
title,0.9863263013045734,unknown
HasAccess,False,boolean
id,3a510d5a-0247-4ce6-bcc9-796657144932,uuid
CREATED_AT,1991-12-29T09:23:03,date_iso
title,0.6286909338556759,unknown
metadata,N/A,unknown
ID,378842,numeric_id
title,0.6420731841471792,unknown
userId,5499,numeric_id
id,887351,numeric_id
userId,c94ecfe1-7bdd-4421-832f-6300ef4f7f0e,uuid
avatar_url,https://green.com/,url
randomKey,N/A,unknown
url,http://www.terry-rangel.net/,url
uuid,59186ef5-a61e-427a-a014-36ea42a56f74,uuid
user_email_val,johnsonheather@example.net,email
RandomKey,Bank teach contain watch bit throughout speak.,unknown
name_val,Specific yourself condition between gun.,unknown
str_user_id,77336862-c772-4489-b707-c0f3b3d70f00,uuid
user_email_val,marksmith@example.org,email
avatar-url,http://www.thomas.com/,url
title,N/A,unknown
name,Fast nice Republican million society model.,unknown
str_avatar_url,https://www.meyer.com/,url
customerId,219632,numeric_id
TITLE,Jessica Alexander,unknown
description,N/A,unknown
created-at,2022-11-03T08:16:20,date_iso
enabled,1,boolean
description,Brandon Smith,unknown
ORDER_ID,149837,numeric_id
Name,N/A,unknown
Name,unknown,unknown
UpdatedAt,2023-09-10T03:48:32,date_iso
description,unknown,unknown
EMAIL,edwardlawson@example.net,email
str_updated_at,2026-01-05T10:44:18,date_iso
EMAIL_ADDRESS,michael40@example.org,email
str_order_id,851265,numeric_id
updated_at_val,2001-01-16T05:00:45,date_iso
verified,False,boolean
str_verified,0,boolean
ORDER_ID,646922,numeric_id
timestamp,1995-11-14T11:07:52,date_iso
val_verified,True,boolean
str_created_at,1983-07-16T17:34:29,date_iso
contact_mail,tracy72@example.com,email
metadata,N/A,unknown
link,http://newman.info/,url
metadata,Eye toward and body even.,unknown
id_val,980927,numeric_id
enabled_val,true,boolean
URL,http://www.todd-lamb.com/,url
str_created_at,2025-04-07T14:07:54,date_iso
str_link,https://aguilar.com/,url
date_of_birth,2016-02-05T11:50:38,date_iso
str_description,unknown,unknown
metadata,unknown,unknown
val_has_access,0,boolean
description,Matthew Martinez,unknown
session_id_val,42b83402-7a8c-4ed2-8946-41960efb4639,uuid
UpdatedAt,2000-01-12T03:18:51,date_iso
dateOfBirth,1975-08-12T23:47:04,date_iso
date_of_birth,1988-07-07T06:09:49,date_iso
str_is_active,0,boolean
user_id,379830,numeric_id
id,bf4efbb8-19d8-43e0-82d5-0b5b287d93b6,uuid
uuid,125f1e6c-3e2e-4175-9606-a25d65d694f3,uuid
email-address,deborah82@example.com,email
contactMail,stephanieshort@example.net,email
customer_id,518391,numeric_id
Description,Gregory Smith,unknown
str_email_address,adrianwalters@example.com,email
description,Nicholas Lucero,unknown
HasAccess,false,boolean
date_of_birth,1998-02-06T21:21:08,date_iso
name_val,Republican president experience world economy idea investment.,unknown
val_user_id,5f306506-497d-4f2f-b312-d3c170d4425b,uuid
user_id,502688,numeric_id
user_id,a4bedb9b-ba9c-49fa-a413-371972d4cd76,uuid
has_access_val,0,boolean
session_id_val,fb59f842-a9fd-4320-a286-37537c78d6a8,uuid
str_order_id,333329,numeric_id
DATE_OF_BIRTH,2023-04-05T08:20:17,date_iso
name,Carlos Soto,unknown
Title,unknown,unknown
email,stacydiaz@example.net,email
website,http://www.martinez.com/,url
enabled,0,boolean
uuid,c7a7ebec-9183-4bc9-9c90-526fca97a66b,uuid
order_id,980502,numeric_id
CREATED_AT,1980-02-07T20:24:53,date_iso
METADATA,unknown,unknown
random_key_val,unknown,unknown
val_description,unknown,unknown
verified_val,1,boolean
id,65d4511c-5b72-403e-bf82-4e90582c2e99,uuid
str_random_key,N/A,unknown
website,https://burch.biz/,url
verified,True,boolean
session_id,0539af91-b3ff-4cc9-9931-facef1d5d8af,uuid
metadata_val,N/A,unknown
has_access,False,boolean
val_link,http://www.gomez-anderson.org/,url
TIMESTAMP,2011-09-09T11:11:24,date_iso
guid,61709b16-0cf0-4f03-80b5-c9c034c4edbf,uuid
description_val,N/A,unknown
user_id,606339,numeric_id
str_avatar_url,https://www.ashley.com/,url
enabled,True,boolean
uuid,83284823-2013-4960-ad8b-a8ce81fe1d90,uuid
customer_i,681915,numeric_id
val_avatar_url,http://www.gomez.com/,url
userEmail,james67@example.net,email
VERIFIED,true,boolean
random_key_val,N/A,unknown
userId,11289,numeric_id
name_val,Christopher King,unknown
id,650186,numeric_id
url,http://owens.com/,url
description,unknown,unknown
ID,990dcf91-a7f9-4601-9458-25a573442c69,uuid
timestamp,2006-12-09T22:27:46,date_iso
name,Lisa Lara,unknown
val_name,unknown,unknown
metadata,Scott Bishop,unknown
AVATAR_URL,https://www.jackson-matthews.com/,url
user_email,billy49@example.net,email
DESCRIPTION,Dominique Rodriguez,unknown
WEBSITE,http://valdez.net/,url
ID,844172,numeric_id
str_link,https://waller.com/,url
id_val,189578,numeric_id
random_key,Paper dark science end.,unknown
emailAddress,krivera@example.net,email
order_id,268149,numeric_id
val_link,https://www.roth.org/,url
str_metadata,0.35968886154257473,unknown
contact_mail,ingramdavid@example.org,email
random_key,Robert Phillips,unknown
uuid,dd714e25-a900-411a-8460-0920945e5326,uuid
str_title,Julia Chen,unknown
val_avatar_url,http://www.barnett.com/,url
val_guid,cfc0f634-2cc1-478f-8e35-46545d22399d,uuid
enabled_val,True,boolean
enabled,false,boolean
str_order_id,88050,numeric_id
val_created_at,2015-04-29T21:23:14,date_iso
description,Each see language pick.,unknown
verified,false,boolean
val_name,0.9813947714817858,unknown
val_contact_mail,atkinstroy@example.org,email
str_user_id,414221,numeric_id
EMAIL_ADDRESS,ikoch@example.com,email
str_name,Richard Clark,unknown
CreatedAt,2025-06-01T17:31:50,date_iso
id,c439fe52-1e78-4a56-b252-6c672dc22962,uuid
email_address_val,fpeterson@example.net,email
id,584729,numeric_id
Name,N/A,unknown
user_email,cindyrobinson@example.com,email
order-id,106193,numeric_id
val_email_address,gregoryrodriguez@example.com,email
id,982842,numeric_id
id,18575,numeric_id
avatar_url_val,http://www.gray-brooks.com/,url
has-access,false,boolean
metadata,0.48480892589498603,unknown
user_id_val,59836923-e1ac-4d3f-b6a8-56b408951717,uuid
description,unknown,unknown
name_val,N/A,unknown
val_url,https://mendez-burke.com/,url
str_random_key,N/A,unknown
date-of-birth,2017-04-08T09:40:24,date_iso
val_created_at,1986-05-14T16:57:57,date_iso
contact_mail,butlerbryan@example.net,email
avatar_url_val,https://olson.com/,url
val_random_key,unknown,unknown
website,http://smith.com/,url
name,Austin George,unknown
email-address,alvaradonicholas@example.org,email
random_key,Joshua Clark,unknown
val_verified,0,boolean
id,601e1356-1829-40af-9f0c-e44b16fb4ae6,uuid
createdAt,2024-03-02T15:49:37,date_iso
name,Brittany Bailey,unknown
user_id,211317,numeric_id
str_link,http://www.bennett-hughes.org/,url
enabled,true,boolean
timestamp,2003-08-01T17:23:51,date_iso
session_id,650d00fd-8fd4-4879-907d-f4f2b8817851,uuid
name_val,0.6533482113041059,unknown
random_key_val,0.04158846028557073,unknown
val_customer_id,939045,numeric_id
name,0.4628377653318688,unknown
SessionId,5280d1bc-418b-4752-ab22-223b27d97b1e,uuid
customer_id,317195,numeric_id
has_access,false,boolean
str_session_id,eb745198-5e1d-4d4a-93ee-4fde40d99982,uuid
val_url,https://www.carpenter.biz/,url
guid,2b6a2bef-cf0b-4804-b8c4-d0a194400008,uuid
ContactMail,odonovan@example.com,email
customer_id,167546,numeric_id
order_id,617477,numeric_id
is_active_val,1,boolean
description,N/A,unknown
TITLE,Owner door exist full after spend military.,unknown
description,Style range four.,unknown
url,https://www.tucker-brown.com/,url
verified,false,boolean
val_link,http://wood.biz/,url
description_val,Phone whatever probably person unit receive result.,unknown
avatar_url,http://www.roberts.com/,url
user_id,330294,numeric_id
contact_mail,theresa67@example.org,email
UserId,aff3f87b-dea5-4025-a9e7-535087902760,uuid
description_val,unknown,unknown
val_timestamp,1971-01-27T02:43:43,date_iso
id,59d323c5-6102-4bae-9475-81294e2d9bcc,uuid
description,Attack floor open sure.,unknown
verified,0,boolean
title,unknown,unknown
email,qthomas@example.org,email
str_metadata,Will technology quite occur night citizen official.,unknown
val_id,718660,numeric_id
guid,dbd9af88-5e0f-4e3c-8f4a-7288e6a13651,uuid
user_id,785104,numeric_id
timestamp_val,2005-01-10T19:17:33,date_iso
url,http://www.barnes.biz/,url
random_key,Head here before American material each.,unknown
description,Jeffery Carpenter,unknown
date_of_birth,1986-02-24T11:43:11,date_iso
contact_mail_val,pharris@example.net,email
has_access_val,1,boolean
id_val,808280,numeric_id
has_access,0,boolean
description,Jimmy Gill,unknown
updated_at_val,2021-08-09T11:27:47,date_iso
date_of_birth,2023-01-02T03:07:03,date_iso
url_val,https://villa.com/,url
random_key,unknown,unknown
UserEmail,markcollins@example.net,email
val_customer_id,332620,numeric_id
Id,515779,numeric_id
id,518736,numeric_id
user_email,margaret20@example.com,email
has_access,true,boolean
str_user_id,177340,numeric_id
name,Experience brother produce truth small wait career anyone.,unknown
updated_at,2001-10-23T16:18:08,date_iso
TITLE,unknown,unknown
timestamp,1981-04-17T18:40:50,date_iso
val_title,unknown,unknown
isActive,0,boolean
id,ed4efc08-acf5-4633-9a77-8db8b4d3b846,uuid
metadata,unknown,unknown
user_email_val,madison84@example.org,email
Title,0.3817772795074853,unknown
METADATA,Kevin Wilson,unknown
CustomerId,457904,numeric_id
val_timestamp,1996-05-15T01:20:42,date_iso
VERIFIED,False,boolean
val_metadata,Near also reflect.,unknown
customer_id,182895,numeric_id
orderId,21068,numeric_id
CONTACT_MAIL,tanneradams@example.net,email
url,http://peterson.net/,url
Enabled,true,boolean
user-email,gutierrezallison@example.net,email
title,Meagan Cox,unknown
title,Cathy Rollins,unknown
ID,823320,numeric_id
order_id,258479,numeric_id
DateOfBirth,2013-05-29T17:24:42,date_iso
sessionId,6f743696-fdf6-4cc8-9f3a-fa64c1c4ee4e,uuid
eml,moorerebecca@example.com,email
sessionId,43ce6916-3610-414f-8816-551f7496b2bf,uuid
val_uuid,188a93a3-f1f0-468d-b742-bb22efcc5e4c,uuid
url,http://www.harris.com/,url
verified,1,boolean
Verified,true,boolean
guid,4759fa12-8084-4546-82a7-f9e78eb93a6b,uuid
email_address,lisa24@example.org,email
random_key,unknown,unknown
avatarUrl,http://www.skinner-vega.com/,url
str_enabled,true,boolean
str_uuid,a5c3191e-31e1-4c40-bd0f-8347b7696337,uuid
random_key,unknown,unknown
str_id,102514,numeric_id
avatar_url,https://medina.org/,url
date_of_birth,2003-09-02T06:26:44,date_iso
title,Susan Valenzuela,unknown
USER_EMAIL,alexmcconnell@example.com,email
AVATAR_URL,http://thompson-kelly.com/,url
random_key,Morning on either.,unknown
str_guid,4c475f0d-0c07-4066-bd75-83262e7020f1,uuid
title,unknown,unknown
TITLE,N/A,unknown
created_at,2022-03-08T13:48:55,date_iso
str_id,739488,numeric_id
name,N/A,unknown
str_url,https://www.kidd.com/,url
name,unknown,unknown
name,unknown,unknown
user_id_val,179598,numeric_id
metadata,Lindsey Miller,unknown
Link,http://www.richard.com/,url
id,316a75cb-3266-4468-bd2b-1af2cfe6245c,uuid
userEmail,kjoseph@example.net,email
title,0.9343844171993758,unknown
METADATA,Julie Hicks,unknown
random_key,unknown,unknown
title,Heavy exactly time perhaps.,unknown
guid,8489b1ff-798c-4eeb-a58b-b99fd9796d05,uuid
id,507126,numeric_id
url,http://www.chapman.biz/,url
UpdatedAt,2005-04-09T07:40:55,date_iso
id,499929,numeric_id
metadata,Contain pick often protect writer.,unknown
email_val,trevor66@example.com,email
random_key,Perhaps weight type seven everyone visit along.,unknown
str_order_id,6912,numeric_id
TITLE,0.9440612545027173,unknown
session_id,f6a774b4-c92f-4b59-bf8c-82c17bc8e09a,uuid
id,0a496585-b497-4242-84c9-daa3e4d151af,uuid
uuid,3e0b1202-b0b1-4fe6-9e65-596a585fd576,uuid
link,https://www.blanchard.info/,url
uuid,b4438fa2-1414-4d43-86be-8b25b5f8f4f3,uuid
metadata,0.06580671044283315,unknown
url,https://www.white.com/,url
Url,https://rivera-miles.com/,url
created_at,1986-05-04T09:14:36,date_iso
IS_ACTIVE,False,boolean
contact-mail,stephenarellano@example.net,email
verified_val,True,boolean
link,http://www.preston.com/,url
verified,True,boolean
val_title,0.028235507793739067,unknown
name,unknown,unknown
Verified,True,boolean
email-address,ppatterson@example.org,email
updatedAt,1999-01-21T12:59:57,date_iso
email_address_val,laura78@example.org,email
guid,27a18b7e-0cb4-4a4a-9646-30ff8077e78d,uuid
DESCRIPTION,0.8156120007528007,unknown
Enabled,False,boolean
val_is_active,True,boolean
date-of-birth,2022-11-03T10:55:56,date_iso
updated_at,2013-02-19T01:26:44,date_iso
metadata_val,Maureen Thomas,unknown
session_id_val,1230a519-563a-4d69-a102-f2fb56f4a858,uuid
val_random_key,N/A,unknown
url_val,https://allen.org/,url
user_email,contrerasjohn@example.com,email
updated_at_val,2002-06-05T11:46:21,date_iso
Description,N/A,unknown
str_session_id,005373db-3c9c-47a5-b379-c8c802d1c02a,uuid
metadata,N/A,unknown
VERIFIED,true,boolean
val_guid,6c0b04d4-6b1b-415b-92a0-1bd850fedb89,uuid
user-id,0b478bac-fed0-48c5-ac4d-df6f7593d872,uuid
val_avatar_url,https://www.brown-stevens.com/,url
NAME,Specific body art.,unknown
metadata_val,N/A,unknown
website,http://martin.biz/,url
link,https://www.hancock-collier.com/,url
title,unknown,unknown
ORDER_ID,765530,numeric_id
timestam,2023-10-27T04:44:44,date_iso
TIMESTAMP,2015-10-01T12:46:51,date_iso
val_url,https://www.dickerson.com/,url
eml_addr,nsmith@example.org,email
str_id,47d1a145-3e90-446a-84b8-211bb2c8ad8b,uuid
uuid,68c3a98d-483c-473e-bfd9-f17ded5eba9b,uuid
val_created_at,2000-09-06T20:35:00,date_iso
contactMail,paul51@example.com,email
str_guid,3e250066-c8fe-40fa-9fb4-7625c3806ca4,uuid
Description,Avoid white either every how appear.,unknown
val_url,https://www.hamilton-ferguson.info/,url
title,Christopher Horton,unknown
val_contact_mail,dmcgrath@example.net,email
EMAIL,bethmurillo@example.net,email
enabled,1,boolean
has_access,1,boolean
contact_mail,moorejeffrey@example.com,email
timestamp,1989-08-26T05:23:12,date_iso
ENABLED,false,boolean
contact-mail,slambert@example.net,email
session_id_val,570593df-2bf8-444c-b598-6702786bb93a,uuid
user_email_val,destinywilliams@example.net,email
Url,http://www.mitchell-moody.com/,url
DESCRIPTION,N/A,unknown
email,annettestanley@example.org,email
timestamp,2013-03-09T05:00:00,date_iso
user_id,b8bf6a9d-0122-4f87-9aef-8cae8b8984bf,uuid
contact_mail,jessica88@example.org,email
website,https://levy-gardner.com/,url
metadata,N/A,unknown
randomKey,unknown,unknown
str_uuid,8890bac2-a821-4fcd-b0d2-a269a4791b60,uuid
timestamp,1999-01-08T06:51:38,date_iso
val_metadata,Small head film provide.,unknown
metadata,0.8884624191395698,unknown
val_link,http://ray-scott.com/,url
val_order_id,726239,numeric_id
val_created_at,1972-01-30T10:38:06,date_iso
id,cfc85959-153c-440b-8be2-77e93367e8de,uuid
val_title,Woman man book this science.,unknown
id,120096,numeric_id
updated_at,2025-03-01T18:54:23,date_iso
Name,Child drop build role school look.,unknown
title_val,N/A,unknown
website,https://www.molina.biz/,url
created_at_val,2022-11-21T18:46:09,date_iso
UserId,c40c49be-62d1-4e56-9c22-887697993c24,uuid
session-id,9a931b81-a33e-4578-a95d-678004ccea4f,uuid
date_of_birth,2014-03-23T19:10:22,date_iso
TITLE,unknown,unknown
created_at_val,1970-01-11T14:28:53,date_iso
SESSION_ID,eea28b93-1523-4601-9356-7db17d8714a3,uuid
id,fcbe6c70-e3ad-4271-a5c2-aa67955b8024,uuid
session-id,20a359b1-7efa-431c-9add-0b661b33ed10,uuid
metadata,Garden attack case perform.,unknown
str_timestamp,1973-01-27T15:51:24,date_iso
timestamp,1978-11-12T00:21:29,date_iso
id,279893,numeric_id
str_email,iwheeler@example.net,email
DateOfBirth,1989-09-15T19:52:18,date_iso
str_description,Shelly Williams,unknown
str_id,ea794631-af46-4c07-8ddb-7d09d21077db,uuid
metadata,unknown,unknown
is_active_val,True,boolean
title,unknown,unknown
contact_mail,alyssatorres@example.net,email
verified,0,boolean
Link,http://www.trujillo.com/,url
title_val,N/A,unknown
val_is_active,True,boolean
title,Speak number nice remain window their.,unknown
avatar_url,http://www.hansen-ross.com/,url
guid,303c0031-ee55-47f1-9b3d-15a5e42129be,uuid
date_of_birth_val,2021-03-22T20:33:24,date_iso
title_val,unknown,unknown
Name,0.49761378367278464,unknown
updated_at,1983-02-03T01:57:04,date_iso
contact-mail,schmidtkatie@example.net,email
WEBSITE,http://www.rubio.com/,url
LINK,https://ellis.org/,url
str_verified,False,boolean
order_id_val,646760,numeric_id
ID,387419,numeric_id
LINK,https://wells-summers.info/,url
email_address,murraykaitlyn@example.org,email
TITLE,Along evidence speech Mr.,unknown
TITLE,N/A,unknown
val_title,0.7936621560659861,unknown
is-active,True,boolean
session_id,18681b34-4c76-4472-a10e-2dbcfbab084e,uuid
user_id,546079,numeric_id
description,Oscar Miller,unknown
USER_ID,dda3bc46-05e6-4b01-a501-c89cf106c0a3,uuid
enabled,1,boolean
enabled,1,boolean
val_url,https://www.nelson.info/,url
name,0.6828621004387438,unknown
Name,0.8430567730124705,unknown
contactMail,watsonjohn@example.com,email
enabled_val,false,boolean
date_of_birth,2019-08-07T09:03:41,date_iso
avatar-url,https://www.bailey-leblanc.com/,url
url,http://www.davis.com/,url
created_at,1989-01-09T14:10:59,date_iso
Description,N/A,unknown
created_at,1998-09-14T05:08:12,date_iso
title_val,Jared Hodges,unknown
description,Practice consider year why car brother.,unknown
description,N/A,unknown
contact_mail,bryan98@example.org,email
IS_ACTIVE,True,boolean
user-email,tyang@example.com,email
created_at_val,1990-04-02T09:46:44,date_iso
str_user_id,682780,numeric_id
val_contact_mail,andrewevans@example.net,email
date-of-birth,2001-12-23T21:13:57,date_iso
customer_id,167100,numeric_id
session-id,5f3ddad2-c77a-46a7-9de5-71818734d6f4,uuid
session_id_val,e2f72065-18cc-4c9b-8a7a-58c71bf927fe,uuid
val_url,http://www.kirk.net/,url
title_val,N/A,unknown
str_website,https://rodriguez-phillips.com/,url
user_eml,shelly03@example.com,email
val_description,unknown,unknown
email_val,david25@example.com,email
HasAccess,true,boolean
date_of_birth_val,2013-08-26T19:25:28,date_iso
CustomerId,245518,numeric_id
description,N/A,unknown
userId,638810,numeric_id
link,http://www.horne.com/,url
val_id,782886df-e009-4d6b-9796-1c1658425f2c,uuid
orderId,886149,numeric_id
Uuid,e29f3cd5-816f-47e2-bbd7-a018fbd01f25,uuid
HasAccess,False,boolean
name_val,unknown,unknown
id,72a2466c-0649-45a1-8442-5588c614b571,uuid
descriptio,Heart off more unit certain method.,unknown
TITLE,Michael Johnson,unknown
timestamp,1974-04-05T18:44:49,date_iso
name,N/A,unknown
str_description,unknown,unknown
val_email_address,johnsonjanet@example.com,email
description,Majority health themselves political couple vote field.,unknown
email,elee@example.com,email
randomKey,0.13776218959948205,unknown
title_val,0.7423137906846562,unknown
order_id,15318,numeric_id
description,0.3933849004292902,unknown
hasAccess,0,boolean
str_user_id,da8c28c4-7139-4437-b55a-3ba947a9bbdc,uuid
eml_addr,sbell@example.net,email
id_val,0f1fa1b1-e9ed-4677-a0b5-4427ff5b76d6,uuid
user_email_val,pbradshaw@example.org,email
customer_id,513974,numeric_id
verified,0,boolean
uuid_val,31166d42-bcf8-4a96-b20b-6a36508a7c16,uuid
description,Final entire military hot significant month.,unknown
RANDOM_KEY,unknown,unknown
Name,Richard Kirby,unknown
order_id,115108,numeric_id
metadata,N/A,unknown
name,unknown,unknown
url,http://www.west.com/,url
eml_addr,christopher40@example.org,email
email_val,jlopez@example.net,email
val_date_of_birth,1980-02-20T01:55:43,date_iso
is-active,0,boolean
enabled,true,boolean
name,Keith Richardson,unknown
uuid,78dabacc-cfe7-45e1-8897-65bd8341adf6,uuid
contact_mail,othornton@example.org,email
NAME,0.32080116117744084,unknown
contact_mail,millertammy@example.net,email
EMAIL_ADDRESS,nelsonemily@example.com,email
RandomKey,0.5863788133216479,unknown
val_has_access,false,boolean
has_access,False,boolean
str_random_key,Majority production mention.,unknown
url,https://www.harris.biz/,url
str_description,0.5482459809645683,unknown
has_access,true,boolean
UserId,560943,numeric_id
str_is_active,false,boolean
val_id,790230,numeric_id
name_val,Ryan Miranda,unknown
str_description,Jessica Hall,unknown
str_user_id,536917,numeric_id
title,Weight all just beautiful build.,unknown
random_key,Within large evidence.,unknown
description,unknown,unknown
METADATA,N/A,unknown
avatarUrl,http://shaw.org/,url
order_id,389394,numeric_id
metadata_val,0.05050706438795116,unknown
link,http://www.velasquez.com/,url
timestamp,1982-09-13T10:55:42,date_iso
str_contact_mail,sarahnorman@example.net,email
DATE_OF_BIRTH,2008-03-06T20:20:28,date_iso
random-key,0.7970934706350711,unknown
link,http://www.vega-parker.com/,url
link,http://www.soto.com/,url
str_email_address,andrea93@example.org,email
customer_id,834683,numeric_id
randomKey,Jacob Robinson,unknown
metadata_val,Yourself ten voice after note lose step.,unknown
email_val,dawn79@example.com,email
updated_at_val,2018-12-13T01:42:19,date_iso
DESCRIPTION,Tammy Wilson,unknown
id,5d19aea1-63a2-49bf-a866-1b895f01b3de,uuid
str_random_key,N/A,unknown
description,unknown,unknown
avatar_ur,http://www.gomez.com/,url
val_email_address,ddavis@example.net,email
title,N/A,unknown
date_of_birth,1986-04-27T18:42:12,date_iso
DESCRIPTION,0.3649911189817341,unknown
random_key,Cover each hair guess culture nearly.,unknown
metadata,0.16965862155599853,unknown
user-email,sanchezrichard@example.org,email
timestamp,2004-10-11T06:57:49,date_iso
val_enabled,False,boolean
DESCRIPTION,Walter Cortez,unknown
user-id,642926,numeric_id
SESSION_ID,f2e1cb95-a400-4836-a055-f7731ce80799,uuid
uuid,5d7aa04d-ea9e-4683-99ba-78343edf3401,uuid
id,58d06fb3-ac28-4717-acbe-3598c2e6c68b,uuid
description,0.0429663160714473,unknown
title,0.5823779145667879,unknown
random_key,Jason Reese,unknown
guid,3ae39240-03aa-4b89-be86-90676e8fe495,uuid
Guid,9f6d320d-947e-43cf-b254-5fb49b5cbe3c,uuid
session-id,5c3220d6-a9fb-4c49-8599-7e4707c4c8e0,uuid
customer-id,714234,numeric_id
user_id,557347,numeric_id
val_metadata,0.2522830215482963,unknown
email_address_val,fjohnson@example.net,email
name,0.8094841522360335,unknown
verified,True,boolean
eml_addr,dawn95@example.com,email
str_title,Every listen official artist grow.,unknown
Timestamp,1970-10-11T16:48:21,date_iso
metadata_val,unknown,unknown
metadata_val,Autumn Moran,unknown
id,67c4f2b5-e9d0-45ab-9ac6-e50183d733eb,uuid
eml_addr,lance77@example.net,email
val_session_id,be8d96f0-00b0-462d-84cb-0a062073003d,uuid
description,N/A,unknown
str_user_id,edc6ac25-5dc9-4938-94c4-8b8d5d84d70c,uuid
str_enabled,0,boolean
user_id,6add671a-54fd-4620-b833-1c87298fc3c9,uuid
description,N/A,unknown
str_date_of_birth,1996-12-11T16:44:44,date_iso
email_address,paul42@example.net,email
NAME,0.45649646644829167,unknown
metadata,Lose network shake art bring.,unknown
eml_addr,kimberly59@example.net,email
str_url,https://www.walsh-lester.com/,url
metadata,unknown,unknown
ENABLED,false,boolean
id_val,360041,numeric_id
Id,8c8f42b7-ecd7-49fe-84b8-ac23208eb7d5,uuid
name,Notice environment resource accept common himself.,unknown
Enabled,true,boolean
METADATA,N/A,unknown
email,juliemoreno@example.org,email
customer_id,224877,numeric_id
updated-at,1978-10-25T16:56:12,date_iso
date_of_birth_val,1986-11-01T00:34:55,date_iso
val_random_key,Probably purpose book community owner low.,unknown
user_id_val,a999d912-5894-4852-9034-506a76cbb30a,uuid
enabled,False,boolean
val_website,http://www.howard.com/,url
str_email_address,medinastephanie@example.net,email
is_active,1,boolean
link,https://johnston-morris.com/,url
verified_val,1,boolean
user_id,649380,numeric_id
Metadata,Finish throw look keep.,unknown
has_access,True,boolean
timestamp_val,2009-04-15T18:44:14,date_iso
created_at,1993-12-01T13:58:54,date_iso
random-key,unknown,unknown
is_active,0,boolean
contact-mail,hensleyangela@example.org,email
name,Situation issue play above true rich.,unknown
verified_val,true,boolean
verified,False,boolean
updated_at,2001-08-11T06:22:58,date_iso
str_created_at,2013-12-26T01:14:27,date_iso
name,N/A,unknown
title,unknown,unknown
avatar_url,http://sutton.com/,url
uuid,f401dece-dbbf-43a8-a432-915d681d57e0,uuid
guid,63d57f2e-81ed-4a10-ba7b-000ee289930b,uuid
user_id,5d0db0fa-0fd9-4870-9b4a-9b0d55321877,uuid
id,632082,numeric_id
str_timestamp,1989-04-17T14:55:57,date_iso
isActive,1,boolean
timestamp,1985-04-11T12:17:46,date_iso
session_id,eac9cccd-433b-4340-a8fa-3995e59b3375,uuid
DESCRIPTION,0.8694501072151808,unknown
metadata_val,N/A,unknown
METADATA,Michael Cervantes,unknown
title_val,unknown,unknown
guid_val,db43d97b-d05a-4b6f-9a1f-d664c87b96ce,uuid
link,http://livingston.com/,url
dateOfBirth,1976-07-05T08:37:57,date_iso
random_key,unknown,unknown
session_id,e9d39cec-5a7d-4ba7-9d6c-14978ebd1ef6,uuid
updated_at,1991-03-15T07:47:15,date_iso
str_user_email,douglas63@example.com,email
WEBSITE,http://www.sanders.net/,url
str_user_email,hansenpaul@example.net,email
str_guid,9a8a32f9-1e5d-4bfd-8584-2248b160b555,uuid
ORDER_ID,674052,numeric_id
random-key,N/A,unknown
guid,3bd4bbbf-6cb9-4aa0-a116-55d456c901d5,uuid
str_metadata,N/A,unknown
metadata,N/A,unknown
email_address,brewertyler@example.com,email
USER_EMAIL,gwendolyn08@example.net,email
DateOfBirth,1974-08-27T21:02:02,date_iso
dateOfBirth,1980-10-04T14:46:44,date_iso
val_session_id,175c077b-f445-4f04-a8f7-ae3612cd51bf,uuid
str_uuid,ec140c0c-bbed-498f-9a37-bbb0cb84ca2b,uuid
is-active,True,boolean
website,https://www.gutierrez-myers.com/,url
HAS_ACCESS,false,boolean
val_metadata,unknown,unknown
avatar_url,http://jacobs-brown.com/,url
Name,Roger Ewing,unknown
OrderId,744161,numeric_id
str_id,325545,numeric_id
id,551793,numeric_id
url,http://white-davidson.com/,url
verified_val,0,boolean
title,Sense issue stage already act usually foreign.,unknown
user_eml,latoya03@example.net,email
metadata,unknown,unknown
dateOfBirth,2024-02-09T15:49:38,date_iso
Title,0.5887138541104401,unknown
val_metadata,0.8078214955867525,unknown
website_val,https://www.daniel.biz/,url
str_random_key,unknown,unknown
enabled,False,boolean
Description,unknown,unknown
random_key,During us drop perform.,unknown
timestamp,1972-04-12T20:47:54,date_iso
OrderId,770986,numeric_id
val_random_key,0.4263594564254587,unknown
id,a7274066-e8b6-4f5a-b13b-8fb6be1da95b,uuid
val_title,unknown,unknown
str_link,http://howe.net/,url
avatar_url_val,http://mercado-reyes.com/,url
str_uuid,50f5ffef-be16-49bb-83b3-58c85619efec,uuid
date-of-birth,2009-02-25T23:38:25,date_iso
customer_id_val,998021,numeric_id
id,753097,numeric_id
val_id,145772,numeric_id
user_id,50882,numeric_id
updatedAt,1985-03-03T18:20:55,date_iso
Website,https://buchanan.org/,url
created_at,1974-07-11T02:49:05,date_iso
val_name,N/A,unknown
url,https://www.martin.biz/,url
session_id,8ee7b9d6-a32b-4ed3-8157-40644882b233,uuid
metadata_val,N/A,unknown
url,http://www.martinez.com/,url
verified,true,boolean
timestamp,2025-04-09T02:31:40,date_iso
id,b236942a-8ee8-42ea-9982-799269cccf21,uuid
val_description,N/A,unknown
RANDOM_KEY,N/A,unknown
metadata_val,0.8121976639014783,unknown
str_order_id,109111,numeric_id
str_updated_at,1978-11-30T21:16:41,date_iso
userEmail,kjones@example.net,email
DESCRIPTION,Girl ok trouble section understand want lead region.,unknown
userId,c4e20fd3-362f-4e6d-b66c-e6b381d1aae4,uuid
updated_at,2023-06-17T18:03:31,date_iso
has-access,0,boolean
random-key,Jermaine Mcintosh,unknown
enabled,False,boolean
val_name,0.22897102062719465,unknown
has_access,0,boolean
title,unknown,unknown
UserEmail,kenneth78@example.com,email
url_val,https://fowler-hickman.com/,url
random_key_val,0.9205911458691026,unknown
email,coxalan@example.net,email
Id,388337,numeric_id
user-id,761866,numeric_id
UserId,a8c54d82-b840-49d5-8500-517357172871,uuid
uuid,a964dcae-e276-4554-9118-eb9b3cc4247e,uuid
contact_mail,qwalters@example.org,email
is-active,True,boolean
avatar_url_val,https://www.wilson.com/,url
title,N/A,unknown
str_timestamp,1972-09-08T11:27:24,date_iso
timestamp,1980-04-13T04:48:38,date_iso
str_email_address,susan31@example.com,email
val_date_of_birth,1971-07-26T07:59:03,date_iso
name,unknown,unknown
id,419890,numeric_id
str_name,N/A,unknown
title,N/A,unknown
title,N/A,unknown
id,914847,numeric_id
val_title,April Lamb,unknown
user_id,101217,numeric_id
ORDER_ID,218435,numeric_id
avatar-url,https://morgan-weaver.biz/,url
val_email,vbarber@example.org,email
str_id,797458,numeric_id
Link,http://scott.com/,url
email_val,ymorris@example.org,email
val_user_id,e86c131b-76da-4687-abfd-7e99b3237898,uuid
has-access,True,boolean
user-id,792217,numeric_id
description,unknown,unknown
url,https://www.duke.com/,url
url,https://hernandez.com/,url
name,N/A,unknown
hasAccess,True,boolean
has_access,True,boolean
description,N/A,unknown
title,unknown,unknown
url,https://www.williams.com/,url
random_key,unknown,unknown
url,http://www.figueroa.com/,url
metadata_val,unknown,unknown
str_user_email,irobinson@example.net,email
id,30b79a33-e504-4861-ae35-d250e12ddec7,uuid
Description,unknown,unknown
timestamp,2014-03-09T14:19:57,date_iso
str_description,unknown,unknown
random_key,unknown,unknown
val_enabled,False,boolean
eml_addr,lopezamber@example.net,email
randomKey,Back crime blood be other nothing.,unknown
title,Tax theory fire show sport.,unknown
metadata,N/A,unknown
randomKey,Western again treatment can appear.,unknown
val_session_id,c109671f-cc5d-47ff-ba7e-342e2df17102,uuid
is_active,false,boolean
orderId,109219,numeric_id
session_id,7a8cf66b-379d-4299-b6b7-8d56fb353067,uuid
DESCRIPTION,0.5381056079664845,unknown
guid,940dada2-cc0a-441e-a682-fb8e53c88fba,uuid
email_val,myersandrew@example.com,email
description,Than town action lose.,unknown
customer-id,830041,numeric_id
val_guid,c78c80d1-90e3-4601-af65-0db0e53017f0,uuid
USER_ID,c8361c8c-8f73-429a-b6a0-82c16fb47893,uuid
updatedAt,1973-06-08T15:54:44,date_iso
val_user_id,636410,numeric_id
str_updated_at,1985-12-02T06:08:26,date_iso
contact_mail_val,martindean@example.net,email
timestamp_val,1971-07-02T05:28:47,date_iso
created_at_val,2012-12-05T10:18:10,date_iso
str_enabled,False,boolean
session_id,a9cd9598-c91a-4d9f-86d0-2edfbd99aad4,uuid
val_date_of_birth,1987-06-01T12:22:25,date_iso
enabled_val,0,boolean
has_access,0,boolean
created-at,1975-06-29T12:46:55,date_iso
str_user_id,4e6f9b08-311f-47b4-99da-2ac95854092b,uuid
Id,fc42af29-84af-4e01-a4d2-642eeaa8ddee,uuid
str_random_key,N/A,unknown
title,William Moore,unknown
UUID,3a330c44-658f-4465-8d02-024276d10176,uuid
NAME,unknown,unknown
random_key,N/A,unknown
val_email_address,chad50@example.net,email
title,Dr. Alexander Mcmillan,unknown
str_link,http://davis-anderson.com/,url
str_is_active,False,boolean
GUID,f5537784-2414-476d-825f-bdc7b68fce06,uuid
contact_mail,justin58@example.net,email
metadata,0.6948003915282405,unknown
email_address_val,joshualittle@example.com,email
verified,True,boolean
order-id,162157,numeric_id
metadata,unknown,unknown
updated_at,1977-04-27T17:26:01,date_iso
date-of-birth,1978-10-12T00:07:50,date_iso
Url,http://webb-reilly.net/,url
NAME,unknown,unknown
name,unknown,unknown
description_val,0.6101530738983849,unknown
USER_ID,89595d98-58f1-4b77-bbea-1881232a02d6,uuid
str_name,You throw north land fall concern myself.,unknown
timestamp,1976-03-03T05:58:47,date_iso
userEmail,camposjohn@example.net,email
val_random_key,Show moment shake consumer say.,unknown
date_of_birth,2016-07-24T06:38:10,date_iso
description,unknown,unknown
contact_mail,mmiller@example.net,email
order_id,455627,numeric_id
metadata,N/A,unknown
userEmail,lowens@example.net,email
val_description,Building yet argue.,unknown
Name,Bad soon itself TV well industry available subject.,unknown
val_random_key,0.28511013031953325,unknown
session_id_val,eef06f29-ea4c-49dc-9a79-80a86253cb9c,uuid
RandomKey,0.24070967188535497,unknown
name_val,Out beyond particularly final voice eight.,unknown
random-key,unknown,unknown
description,Jason Griffin,unknown
updated_at,2022-11-18T13:08:56,date_iso
link,http://www.patterson.com/,url
order_id,204626,numeric_id
has_access,true,boolean
verified,1,boolean
eml,james88@example.net,email
title,0.6217927234231015,unknown
uuid,859cbc60-fe7a-4e3f-99bd-851dbe894ca6,uuid
link,https://www.dunn.com/,url
DATE_OF_BIRTH,1994-05-05T03:19:19,date_iso
HAS_ACCESS,True,boolean
enabled,0,boolean
val_updated_at,1994-07-15T04:01:35,date_iso
str_id,916308,numeric_id
LINK,http://chavez.org/,url
updated-at,1996-05-28T21:52:26,date_iso
OrderId,506320,numeric_id
name_val,N/A,unknown
str_random_key,unknown,unknown
str_id,64904b0d-f565-4e0f-a773-07f3e7dd4494,uuid
guid,657e3ce2-78d8-4209-8633-cf141c5410ed,uuid
UpdatedAt,2021-04-29T19:44:39,date_iso
Url,http://www.bryant-richards.com/,url
str_description,N/A,unknown
str_description,Denise Moran,unknown
email_address,cherylmatthews@example.com,email
OrderId,230012,numeric_id
random_key,N/A,unknown
Verified,0,boolean
Timestamp,2005-06-18T17:51:18,date_iso
link,http://www.cruz.com/,url
str_verified,False,boolean
contactMail,ashley62@example.com,email
customer-id,866834,numeric_id
customer_id,269011,numeric_id
AVATAR_URL,https://morrow.biz/,url
val_website,https://becker.com/,url
uuid,3dbe83eb-166f-4333-8e63-c6d930c6fa9b,uuid
str_id,ab6f6528-c53a-40db-847d-65b4821c25f3,uuid
date_of_birth_val,1993-11-20T00:12:38,date_iso
str_has_access,True,boolean
id,93e3b53d-bbc3-4839-88fa-e2572b70ec63,uuid
enabled_val,1,boolean
eml_addr,williamreynolds@example.net,email
TIMESTAMP,2009-11-16T07:45:09,date_iso
contactMail,oreyes@example.net,email
random_key,unknown,unknown
user_id,0c8b3dcd-898e-4f39-805a-086f69f6c948,uuid
uuid,bfa1f3bf-22e5-460c-b1cc-07831e02bb02,uuid
metadata,N/A,unknown
str_user_email,paul93@example.com,email
url,http://goodwin.com/,url
str_is_active,0,boolean
SessionId,4927c626-aa28-487e-8c0e-49b8b166e28a,uuid
val_random_key,N/A,unknown
updated_at,2016-12-06T08:21:32,date_iso
str_updated_at,1983-02-21T22:33:31,date_iso
name,Worry song over cause opportunity piece total.,unknown
created_at,1997-05-10T16:17:54,date_iso
has_access,False,boolean
val_avatar_url,http://www.kim.org/,url
link,http://brown.com/,url
EmailAddress,laura69@example.com,email
id,5ff8bc42-dad3-467f-988d-efdfb84e76b8,uuid
created-at,2023-06-29T18:18:38,date_iso
session_id,cf8b3b27-f419-426d-b7b4-b4afbca48c2d,uuid
order_id,127991,numeric_id
Metadata,Samantha Mcknight,unknown
Timestamp,2024-11-04T22:34:37,date_iso
str_random_key,Security mention mention sing million quickly.,unknown
random_key,0.002126549659565491,unknown
NAME,N/A,unknown
UPDATED_AT,1981-10-09T01:54:58,date_iso
session-id,3faa1a36-eb5b-4a3f-972e-c94449d7ce0f,uuid
id,862494,numeric_id
orderId,368638,numeric_id
str_id,375732,numeric_id
link,http://www.villanueva.com/,url
date_of_birth_val,1978-01-07T16:13:37,date_iso
URL,http://jordan-nunez.com/,url
email_address,williamschristine@example.net,email
val_is_active,false,boolean
str_title,0.4924096792139788,unknown
str_session_id,a5253701-3880-40ea-a7eb-4f3be8fd0322,uuid
uuid,76b2dc75-32ff-47e4-ad0b-27cf14776db1,uuid
name,Victoria Coffey,unknown
guid_val,84742101-fb12-4b7c-aaca-3bfcfe4c5c29,uuid
Uuid,d609b36d-cc84-441c-adba-37fea38007f1,uuid
val_enabled,false,boolean
userId,21957,numeric_id
RandomKey,Lori Ramirez,unknown
date_of_birth_val,2003-02-06T06:40:07,date_iso
title,N/A,unknown
id,1df7e600-207c-4ca8-8041-bc051eaf338c,uuid
metadata,N/A,unknown
USER_ID,318514,numeric_id
GUID,ccce1755-a672-4af0-9a49-d82b4641c45f,uuid
GUID,65357407-1214-4506-a978-f1438e2cb363,uuid
str_website,https://www.king.com/,url
metadata_val,Sister wide wonder some them town.,unknown
user_email,christopherneal@example.org,email
uuid,8902cf27-b528-4813-ab71-8b3f1a4ac1dc,uuid
str_description,Jonathan Melton,unknown
userId,c9a093f4-52b5-4af6-a7f9-0f6a46009c15,uuid
link,https://johnson-jordan.com/,url
URL,https://wright.com/,url
userId,837907,numeric_id
name,Stacey Spears,unknown
name,Partner never probably doctor.,unknown
guid,b4be6e82-b554-42d0-b5ac-bc6c65cc3ce8,uuid
val_website,https://www.williams-vasquez.net/,url
customer_id,608924,numeric_id
RandomKey,Dwayne Bell,unknown
description_val,Radio over even prove see protect.,unknown
RandomKey,Daniel Hall,unknown
order_id_val,731931,numeric_id
val_is_active,1,boolean
random_key,Maybe door like last.,unknown
verified,1,boolean
email_val,phyllisthomas@example.org,email
created-at,2006-08-23T03:38:59,date_iso
eml_addr,tammybryant@example.com,email
has-access,1,boolean
updated_at,2010-01-09T16:50:55,date_iso
uuid_val,d1f6b9f7-0c5b-45b1-8b15-f86d7fda24ba,uuid
RANDOM_KEY,We experience challenge if suffer second ago wide.,unknown
METADATA,His radio dream consider set.,unknown
ENABLED,true,boolean
avatar-url,http://stewart-murphy.biz/,url
enabled,0,boolean
enabled,true,boolean
description,More star find individual.,unknown
metadata,Prepare lawyer director follow response well.,unknown
verified,False,boolean
str_name,N/A,unknown
email-address,xgardner@example.org,email
val_url,http://scott.com/,url
url_val,http://moore.com/,url
str_customer_id,147012,numeric_id
random_key,N/A,unknown
url,http://aguirre-woods.com/,url
avatar-url,https://alvarez.net/,url
RANDOM_KEY,N/A,unknown
name,N/A,unknown
has_access,0,boolean
metadata_val,N/A,unknown
userEmail,jacobhenry@example.com,email
random_key_val,Colin Dunn,unknown
enabled,0,boolean
random_key,N/A,unknown
val_verified,False,boolean
website,http://www.mullen-price.com/,url
val_metadata,unknown,unknown
Email,emilywilliams@example.net,email
metadata,N/A,unknown
metadata,0.5870278734161286,unknown
randomKey,Indicate citizen blood focus marriage firm measure.,unknown
orderId,328933,numeric_id
str_created_at,2014-03-01T12:27:16,date_iso
TITLE,N/A,unknown
is_active,0,boolean
user_id,335760,numeric_id
val_uuid,a5e8907b-5bae-4d5b-be74-06e17ae58115,uuid
id_val,582645,numeric_id
str_timestamp,1986-11-21T21:31:35,date_iso
val_has_access,0,boolean
TITLE,N/A,unknown
NAME,0.43339186672842356,unknown
customer_id_val,438508,numeric_id
metadata,Kathleen Nguyen,unknown
DATE_OF_BIRTH,2013-09-18T17:25:39,date_iso
Link,https://www.klein-campos.com/,url
str_website,http://buckley-martinez.info/,url
enabled,False,boolean
USER_EMAIL,carmenjacobs@example.com,email
link,http://www.schmidt.com/,url
userId,d389bfdc-54ae-4ad1-9c13-6541b4d6f23f,uuid
enabled,True,boolean
customerId,902513,numeric_id
updated_at_val,2002-05-26T12:48:01,date_iso
session_id,9d78d591-aa6a-43a4-8351-fa4eebfce238,uuid
Id,753069,numeric_id
timestamp,1981-07-30T23:29:28,date_iso
val_user_id,de0c5ebc-4c1d-4e6e-a4aa-03ec7c12a794,uuid
str_is_active,1,boolean
link,https://www.allison.com/,url
id,74470,numeric_id
val_description,N/A,unknown
timestamp,1985-02-04T03:33:49,date_iso
metadata,unknown,unknown
link,http://www.norris-costa.com/,url
session_id,3bc84232-16b2-48be-8f40-e80e66bdfa85,uuid
enabled,false,boolean
user-id,bc097f3d-f545-4b3c-b412-f1a140a18955,uuid
contact_mail_val,angelaryan@example.com,email
isActive,false,boolean
updated_at,1990-09-24T16:01:43,date_iso
description_val,0.07035399297774048,unknown
str_date_of_birth,1993-07-03T16:08:54,date_iso
Enabled,0,boolean
id,f7449763-73be-4143-827b-9a03214d6764,uuid
sessionId,9ceeec5c-12ad-4536-9a36-55eb499ec216,uuid
contact-mail,uhart@example.net,email
user_id,672971,numeric_id
Name,N/A,unknown
is_active_val,false,boolean
metadata,unknown,unknown
id,251738,numeric_id
val_enabled,0,boolean
WEBSITE,http://elliott.com/,url
IS_ACTIVE,true,boolean
val_title,Jerry Burns,unknown
CreatedAt,1989-11-02T16:50:45,date_iso
userId,ded560e0-1f01-4c43-a452-6db980035eb6,uuid
enabled,0,boolean
URL,https://www.smith.net/,url
userEmail,jilliangibson@example.org,email
user_id,b731047b-0ed6-478d-9117-1d923507108d,uuid
str_link,http://mendoza.org/,url
timestamp,1995-02-25T09:08:56,date_iso
email-address,callahanbarbara@example.net,email
val_link,http://erickson-wise.com/,url
UPDATED_AT,1987-10-20T00:01:26,date_iso
str_session_id,315a0a97-2522-4e1e-914e-4bfed3f61a65,uuid
ENABLED,true,boolean
date_of_birth,1978-04-01T12:28:14,date_iso
Website,http://www.allen.com/,url
CreatedAt,1984-09-27T22:08:56,date_iso
val_guid,444247ea-264b-4439-a5bf-3193724c7bee,uuid
name,Samantha Rose,unknown
val_metadata,unknown,unknown
ORDER_ID,466839,numeric_id
description,Michelle Meyer,unknown
eml,wvillarreal@example.org,email
name,unknown,unknown
str_verified,0,boolean
customer_id,632542,numeric_id
user_id_val,533792,numeric_id
str_random_key,0.652067205833605,unknown
user-email,brightzachary@example.org,email
METADATA,N/A,unknown
random_ke,0.7820859383085923,unknown
NAME,N/A,unknown
val_enabled,false,boolean
contact_mail_val,roachstephanie@example.org,email
Guid,97319fea-e31c-499e-b585-5ba8035b9470,uuid
verified,True,boolean
str_title,0.8374212391763016,unknown
has_access,True,boolean
user_id_val,5cd752bd-e653-4710-ad72-3ef7b7878c00,uuid
title,N/A,unknown
metadat,William Jenkins,unknown
customerId,61605,numeric_id
user_id,58f53485-af51-4013-80fb-2e714164873a,uuid
link,http://adams.info/,url
description,0.5058662664661386,unknown
name,0.030117163966762228,unknown
updated_at,2013-12-29T12:59:55,date_iso
val_guid,9bfd509a-98d9-4d05-8cb1-bb84e7414664,uuid
url,https://www.cox.com/,url
name,0.04940180712457776,unknown
website,https://www.sexton.com/,url
val_is_active,true,boolean
guid,850cb8bd-91ff-41e6-b5ad-57891e7e5c3e,uuid
date_of_birth,2018-04-11T06:56:18,date_iso
metadata,Laura Flores,unknown
Metadata,N/A,unknown
ID,1d75df3e-b7b7-48ed-a73d-0b0e9dc4dd0a,uuid
verified,False,boolean
TITLE,0.8563194904848872,unknown
description,Kelly Thompson,unknown
created_at_val,2010-05-25T08:51:31,date_iso
created_at,1991-12-29T16:16:03,date_iso
avatar-url,http://www.anderson.info/,url
is_activ,False,boolean
userEmail,smithcory@example.net,email
UUID,f94609b6-c7f8-40d3-ae4c-8d9e5390d716,uuid
val_user_id,721479,numeric_id
val_is_active,False,boolean
ID,830496,numeric_id
link,http://www.ali.info/,url
description,Mrs. Monica James,unknown
val_website,https://ramirez-mitchell.com/,url
description,Tiffany Duncan,unknown
UpdatedAt,1989-03-12T19:13:44,date_iso
description,unknown,unknown
title_val,unknown,unknown
created-at,1970-05-22T02:55:48,date_iso
name,0.04200592578938145,unknown
updated_at,2006-08-02T04:16:23,date_iso
Title,N/A,unknown
title_val,0.42991060781044466,unknown
enabled,false,boolean
str_id,552971,numeric_id
CreatedAt,2004-04-29T16:44:30,date_iso
Title,0.5393423596187784,unknown
userEmail,shannonbentley@example.com,email
randomKey,Quality for wall describe.,unknown
description,Hear rest follow put.,unknown
TITLE,I but these someone sister pattern.,unknown
title,unknown,unknown
verified_val,true,boolean
title,unknown,unknown
val_random_key,Understand chair determine alone show join.,unknown
id_val,1dfe18d8-629c-4c4a-9314-d3075fcac4ed,uuid
name_val,Remain indicate method inside art fly at.,unknown
str_guid,4b063145-82e6-4158-986c-0aa6cac54e57,uuid
name,unknown,unknown
customer_id,718828,numeric_id
name_val,Some drug get able recognize alone consider.,unknown
description_val,Believe everyone arm trouble type trade find.,unknown
val_has_access,False,boolean
val_website,https://brown.com/,url
Metadata,0.30758048529854887,unknown
user_email_val,richmondjonathan@example.net,email
val_email_address,joshua63@example.org,email
title_val,unknown,unknown
name,N/A,unknown
email-address,eileenshelton@example.com,email
val_timestamp,2023-03-10T00:23:04,date_iso
order_id,723694,numeric_id
website,https://www.rodriguez.biz/,url
guid,b9f0cc93-5127-462b-804e-10c9a30b4e8d,uuid
Id,237922,numeric_id
date_of_birth_val,2000-09-08T10:11:32,date_iso
email,catherine24@example.org,email
val_is_active,1,boolean
AVATAR_URL,http://www.flores-jones.com/,url
metadata,unknown,unknown
is_active,0,boolean
IS_ACTIVE,0,boolean
createdAt,1991-10-04T06:49:28,date_iso
title_val,unknown,unknown
orderId,665328,numeric_id
timestamp,2023-11-20T22:14:36,date_iso
Id,006f8ba3-457d-4e56-ba75-c85be8e03a30,uuid
str_description,unknown,unknown
str_title,unknown,unknown
str_id,256910,numeric_id
str_website,http://porter-hamilton.com/,url
uuid,0530c2f1-470f-41b0-8b0d-240c1f740e35,uuid
order_id_val,214926,numeric_id
description,Chelsea Norton,unknown
val_title,N/A,unknown
RandomKey,0.8032458443157946,unknown
id,381877,numeric_id
description,unknown,unknown
name,unknown,unknown
metadata,0.5274177278571185,unknown
Guid,f98bbd20-8310-442d-b033-ae3e524ec1b4,uuid
website,https://www.carney-wolfe.com/,url
user-id,21561f02-372c-4a5e-97c2-e225a7433801,uuid
val_is_active,true,boolean
USER_EMAIL,david24@example.org,email
str_id,120102,numeric_id
has_access,0,boolean
name_val,N/A,unknown
ORDER_ID,113463,numeric_id
str_link,https://www.cordova-collins.info/,url
description_val,unknown,unknown
str_avatar_url,https://www.lambert.com/,url
id,312394,numeric_id
name_val,N/A,unknown
RandomKey,0.007989032629657555,unknown
user_id,824474,numeric_id
val_verified,1,boolean
avatar-url,https://bishop.info/,url
IsActive,true,boolean
Title,unknown,unknown
str_uuid,b9843e8a-4479-42d0-90c8-00d9666e5de0,uuid
user_id,261527,numeric_id
random_key,N/A,unknown
is_active,1,boolean
created_at_val,2011-02-04T12:31:18,date_iso
val_uuid,46772717-cca8-4223-bd7a-e6c23d2a157f,uuid
str_title,0.12613835301045961,unknown
hasAccess,true,boolean
id,12653,numeric_id
Guid,2c7d1879-db2a-4592-9ca4-2b1654609b89,uuid
Id,302479,numeric_id
has_access,true,boolean
USER_EMAIL,andrewsmith@example.org,email
customer_id,137690,numeric_id
contact_mail,kellymiranda@example.org,email
dateOfBirth,2024-01-10T21:26:12,date_iso
val_email,joshua29@example.com,email
createdAt,1978-04-13T10:15:02,date_iso
session_id,1378913e-9068-4147-9ee3-91b2aecf0ec5,uuid
str_user_id,37478,numeric_id
str_created_at,1972-12-22T18:45:10,date_iso
val_has_access,False,boolean
session_id,40ece337-ec3b-48f5-bb55-6c0b89dac254,uuid
created_at,1978-05-05T21:31:12,date_iso
str_updated_at,2007-07-03T02:45:54,date_iso
name,0.9236967852119502,unknown
str_timestamp,1971-05-13T23:51:00,date_iso
val_description,0.7131033677240509,unknown
str_metadata,N/A,unknown
website,http://www.vega.com/,url
order_id,230510,numeric_id
email_address,powellsteven@example.org,email
random_key,Stephanie Carroll MD,unknown
random_key,Timothy Blake,unknown
metadata,Jennifer Rubio,unknown
id,694504,numeric_id
DateOfBirth,2002-06-22T00:33:34,date_iso
RANDOM_KEY,N/A,unknown
name,Keith Mitchell,unknown
title,0.5878326313215236,unknown
val_order_id,773601,numeric_id
verified,False,boolean
title,Call value campaign glass follow how.,unknown
verified,True,boolean
METADATA,0.4091678613761034,unknown
id,809164,numeric_id
isActive,true,boolean
guid_val,8490c374-efae-4aaa-937c-774775abb4e3,uuid
created_at,2020-11-09T08:54:30,date_iso
RANDOM_KEY,N/A,unknown
timestamp,1970-09-02T09:46:06,date_iso
user_id_val,952306,numeric_id
avatar_url_val,http://bell-taylor.com/,url
val_created_at,1981-05-01T03:58:17,date_iso
str_session_id,5bc42e63-77a8-4da8-8116-a4be27daeb00,uuid
id,907643,numeric_id
id,ca6ef85a-bd0b-4f87-ac99-276419409bd2,uuid
SESSION_ID,8cf4c721-922b-424c-976f-13954bc79f07,uuid
createdAt,1975-07-03T17:59:50,date_iso
metadata,N/A,unknown
date_of_birth,1992-10-11T20:29:14,date_iso
date_of_birth_val,1976-03-12T06:53:08,date_iso
link,http://www.brady.com/,url
updated_at,2002-02-09T21:51:15,date_iso
str_date_of_birth,2024-05-07T12:41:20,date_iso
metadata,0.2640275874410306,unknown
val_description,N/A,unknown
USER_EMAIL,noah37@example.com,email
user-id,524959,numeric_id
timestamp_val,1993-01-19T02:36:29,date_iso
website,http://wood-brown.com/,url
verified,0,boolean
Verified,1,boolean
avatar_url,https://www.fuller-mcguire.net/,url
description_val,Indeed century guess writer compare.,unknown
str_random_key,Jeffery Barrett,unknown
email_val,alexandria54@example.com,email
verified,1,boolean
Metadata,unknown,unknown
verified,True,boolean
URL,https://bowers-gonzales.com/,url
HAS_ACCESS,true,boolean
val_user_email,joshua11@example.org,email
name_val,Cameron Perez,unknown
titl,Country site cover attack forward remember you first.,unknown
verified,True,boolean
name,Shelby Rowe,unknown
val_random_key,N/A,unknown
website_val,https://hamilton-henderson.net/,url
avatarUrl,http://www.johnson.com/,url
has-access,true,boolean
verified,true,boolean
uuid,24137d3d-f99a-406f-9964-9db9907cc457,uuid
random_key,Only catch note my general weight any thought.,unknown
user_email,shane04@example.net,email
updated_at,2007-01-21T07:27:14,date_iso
IS_ACTIVE,0,boolean
has-access,0,boolean
customer_id,137341,numeric_id
val_name,Shaun Harper,unknown
str_user_id,c1e03050-c0fb-40aa-8694-bea818123c7d,uuid
website,https://www.conley.biz/,url
guid,69b97e80-74ba-4736-81b0-7847a033f960,uuid
UUID,b13ade5b-9313-441f-8036-9bb791fff016,uuid
val_timestamp,2007-06-30T19:37:59,date_iso
description_val,unknown,unknown
str_contact_mail,kellyramos@example.org,email
date-of-birth,2005-03-02T05:51:55,date_iso
link,https://jones.biz/,url
val_metadata,unknown,unknown
session-id,08aee6a6-f37a-4bb7-be97-1b58b97a1c42,uuid
created_at_val,1989-09-10T04:30:06,date_iso
user_id,787715,numeric_id
val_metadata,Tamara Young,unknown
created_at,2014-03-12T22:29:59,date_iso
ORDER_ID,379030,numeric_id
SESSION_ID,84728691-bbb9-4284-a164-0203695be714,uuid
guid,2daacf26-b77c-482a-a0d0-355e0e07ded0,uuid
id,ed097b93-f703-42db-afda-69400d7ff79a,uuid
str_link,http://www.ramirez.com/,url
user-id,572495,numeric_id
order_id_val,409030,numeric_id
CreatedAt,1992-04-17T13:33:47,date_iso
id,167d88d8-805f-4a4e-8656-b21dee3bf05e,uuid
str_user_email,gsanchez@example.com,email
val_avatar_url,http://mahoney.info/,url
val_title,Kelsey Bernard,unknown
Email,matthew56@example.org,email
timestamp,1972-12-20T15:59:01,date_iso
VERIFIED,true,boolean
order-id,286891,numeric_id
val_description,James Strong,unknown
GUID,72c832e9-a8e6-43b6-9bea-29d5044f2d87,uuid
link,http://www.ray-morris.org/,url
customer_id,941297,numeric_id
str_order_id,278037,numeric_id
Metadata,With walk matter get.,unknown
guid,33b40f7c-23d8-4fc9-ba64-fb3060d74a7a,uuid
userId,480f70f7-d046-4d6b-8cbd-240033ec3cd6,uuid
metadata,Budget hit create rate model action.,unknown
has_acces,False,boolean
val_has_access,true,boolean
ENABLED,false,boolean
str_order_id,901251,numeric_id
val_name,N/A,unknown
val_description,Janice Wade,unknown
email_address_val,katkins@example.com,email
description_val,Hector Dudley,unknown
user_eml,miguel59@example.net,email
isActive,true,boolean
ID,c3adca4a-3b98-436a-bc0b-317e57972b1a,uuid
avatar_url,http://www.taylor.com/,url
str_id,936941,numeric_id
Title,unknown,unknown
url,https://www.wheeler.com/,url
random_key,Chelsea Nixon,unknown
val_id,611870,numeric_id
description,unknown,unknown
str_name,Douglas Howard,unknown
hasAccess,True,boolean
created_at,1971-09-04T03:01:14,date_iso
guid,04a77609-87f7-4c3f-9d3b-4d8c00869ebc,uuid
description_val,0.26328768910860545,unknown
name_val,N/A,unknown
Name,Four other number respond government try.,unknown
ENABLED,0,boolean
description,0.30070457726525557,unknown
session_id_val,9bf6dc9e-6e5b-46c9-9c55-77941fe786f7,uuid
user-id,cd785d48-7110-444c-ab48-098b65eae60c,uuid
metadata,Casey Wright,unknown
val_title,Old risk choose record goal.,unknown
val_is_active,0,boolean
Title,0.10987516948972853,unknown
Uuid,b6c5697c-eafc-4569-b550-35f2e99ccd8d,uuid
val_metadata,Relationship between son break best.,unknown
Guid,5107f64a-ced6-439d-8f8b-afd430d77697,uuid
email,vpatton@example.org,email
created_at,1983-05-29T03:27:04,date_iso
has_access,1,boolean
updated-at,1990-12-04T12:58:08,date_iso
id,730799,numeric_id
str_id,818032,numeric_id
metadata,N/A,unknown
AVATAR_URL,http://johnson-thomas.biz/,url
str_is_active,0,boolean
date_of_birth_val,2017-12-15T08:00:14,date_iso
verified,false,boolean
TITLE,0.6829645176020456,unknown
has_access,1,boolean
metadata,Station always education.,unknown
val_created_at,2026-02-21T03:32:45,date_iso
str_user_email,patrickrichard@example.org,email
description,N/A,unknown
user-email,schwartzwilliam@example.org,email
user_email,bestrobert@example.net,email
timestamp,2014-07-12T19:36:41,date_iso
str_session_id,4d3513dc-f231-49e5-9e0b-d03128ae3fec,uuid
str_contact_mail,joegriffith@example.org,email
metadata_val,unknown,unknown
str_customer_id,719985,numeric_id
DESCRIPTION,N/A,unknown
Description,0.30630292951233407,unknown
metadata,N/A,unknown
random_key,N/A,unknown
ORDER_ID,295708,numeric_id
timestamp_val,1973-05-30T01:09:40,date_iso
Timestamp,1984-06-19T12:46:05,date_iso
val_is_active,false,boolean
enabled,True,boolean
title,unknown,unknown
description,N/A,unknown
link,http://www.fletcher-cardenas.com/,url
website,http://palmer.org/,url
Email,allenjohn@example.com,email
description,Sarah Watson,unknown
url,http://www.thomas.com/,url
updatedAt,2014-04-25T09:16:20,date_iso
description,Heather Bowman,unknown
random-key,unknown,unknown
str_name,unknown,unknown
val_metadata,unknown,unknown
NAME,Jacob Compton,unknown
val_link,https://williams.com/,url
name,Emily Daniels,unknown
timestamp,1982-04-02T05:59:21,date_iso
user_id,967645,numeric_id
eml,ueaton@example.org,email
metadata,Page sense new performance cold piece.,unknown
avatarUrl,https://mueller-mills.net/,url
OrderId,250211,numeric_id
website,https://www.king.net/,url
val_enabled,true,boolean
val_random_key,N/A,unknown
created_at,1991-03-28T22:53:36,date_iso
updated-at,2001-02-09T08:56:40,date_iso
created_a,1997-09-05T05:10:46,date_iso
HAS_ACCESS,true,boolean
description,Kelly Wise,unknown
LINK,https://www.thomas.net/,url
URL,http://www.ibarra.com/,url
order_id,964492,numeric_id
RANDOM_KEY,unknown,unknown
str_website,http://yang.net/,url
title,N/A,unknown
verified,0,boolean
random_key,unknown,unknown
metadata_val,Diane Gardner,unknown
contact_mail,timothyhendricks@example.net,email
val_is_active,1,boolean
NAME,Remain as shoulder American low.,unknown
HAS_ACCESS,false,boolean
str_title,N/A,unknown
val_customer_id,941278,numeric_id
website,https://nelson-hansen.com/,url
description,N/A,unknown
str_is_active,0,boolean
description,Angela Riley,unknown
str_updated_at,1988-11-02T04:40:44,date_iso
str_title,For out wish pick.,unknown
id,931709,numeric_id
userEmail,ujones@example.net,email
email_address,mckeeleslie@example.net,email
is_active,1,boolean
UserId,17376,numeric_id
ContactMail,qhunt@example.net,email
DESCRIPTION,Steve Hall,unknown
timestamp,2002-02-02T20:55:31,date_iso
EmailAddress,edwardspaul@example.org,email
str_timestamp,1996-01-02T15:42:07,date_iso
VERIFIED,0,boolean
description,unknown,unknown
Enabled,False,boolean
CreatedAt,1998-07-03T07:29:31,date_iso
userEmail,victoriasmith@example.org,email
description,Choice total TV number program specific.,unknown
user_email_val,tyler89@example.com,email
val_description,N/A,unknown
val_id,a6263842-ba3c-4910-b8ee-0afbec27c6bf,uuid
val_date_of_birth,2024-09-27T21:50:58,date_iso
name,Russell Hanson,unknown
dateOfBirth,2001-07-10T15:30:18,date_iso
USER_ID,83726,numeric_id
Url,https://www.bates.com/,url
Title,0.35677300561019953,unknown
date_of_birth_val,2006-09-29T13:34:18,date_iso
link_val,https://www.sexton.org/,url
gui,abdd4c52-9844-4c35-bb4c-d771fc82de2a,uuid
description,unknown,unknown
order_id,862876,numeric_id
val_updated_at,2023-08-03T10:12:07,date_iso
title,0.2186893492439289,unknown
LINK,http://www.hardy-hall.org/,url
val_contact_mail,kaitlin66@example.com,email
link,https://norris-mann.com/,url
Name,Difficult design add rise but.,unknown
has-access,true,boolean
str_url,http://browning-bryant.com/,url
random-key,Debra Flores,unknown
date_of_birth_val,2011-10-20T15:53:35,date_iso
Email,michaelsolis@example.com,email
val_id,5e0a1002-8b8b-4264-a5fd-d1b0d6e9a0ce,uuid
IS_ACTIVE,False,boolean
randomKey,0.06737748290115952,unknown
name,Hope generation second fill require realize hour.,unknown
id,212f5665-81b6-4c59-a8dc-87bb86e615e1,uuid
OrderId,670618,numeric_id
TITLE,Wrong standard others our reach.,unknown
has_access_val,false,boolean
website,http://www.wallace.info/,url
random-key,0.8205480208953316,unknown
enabled_val,true,boolean
user-id,985972,numeric_id
description,Ralph Wells,unknown
order_id_val,603162,numeric_id
guid_val,892ca43b-9098-4875-bb54-79686d40a277,uuid
name,N/A,unknown
order_id_val,763196,numeric_id
RandomKey,N/A,unknown
order_id,141955,numeric_id
email,davisthomas@example.net,email
str_created_at,1992-03-01T06:58:14,date_iso
session_id,0fd3bcc3-da4d-4069-a92e-b32484f1428f,uuid
str_email,jwagner@example.com,email
name_val,0.6505812703107929,unknown
description,Best happy evening wind right father beautiful.,unknown
session_id,8c15bbcc-c268-417c-a60e-794dbed03dfc,uuid
eml,faithmeyer@example.com,email
name,0.28531740168309516,unknown
str_website,https://stanton-murphy.com/,url
val_verified,0,boolean
is_active,True,boolean
name,unknown,unknown
uuid,148d1518-c525-4884-b4dd-66fc2ff199f9,uuid
DESCRIPTION,Beautiful carry crime future matter trip plan.,unknown
CreatedAt,1978-02-17T02:54:34,date_iso
Id,263444,numeric_id
created_at_val,1982-05-11T09:36:20,date_iso
metadata,N/A,unknown
name,N/A,unknown
TITLE,Network food always left situation structure.,unknown
timestamp,2021-09-13T13:39:37,date_iso
str_avatar_url,https://monroe-robles.com/,url
name,Stephanie Brown,unknown
timestamp,1997-10-23T19:31:31,date_iso
created_at,2015-08-02T03:51:01,date_iso
updated-at,1978-09-22T19:22:11,date_iso
date_of_birth_val,1989-09-07T08:28:16,date_iso
Description,0.2672805137212041,unknown
DESCRIPTION,N/A,unknown
has_access,False,boolean
guid,5fa27dae-91fc-44a0-982e-47a2a2d52bf7,uuid
val_id,727405,numeric_id
title,N/A,unknown
str_customer_id,978013,numeric_id
IS_ACTIVE,0,boolean
metadata_val,Concern down quite spend almost travel card.,unknown
val_is_active,False,boolean
CustomerId,134630,numeric_id
id_val,340473,numeric_id
has_access,1,boolean
metadata,Write know movement cultural public firm.,unknown
timestamp,2011-10-12T17:31:03,date_iso
ENABLED,true,boolean
description,Region represent report those building reduce.,unknown
name,N/A,unknown
description,N/A,unknown
str_enabled,true,boolean
verified_val,False,boolean
metadata,unknown,unknown
verified,false,boolean
UserEmail,emelendez@example.com,email
uuid,de370227-5a7d-4753-9d7d-29814e79b9c6,uuid
website,http://www.robertson.com/,url
url,https://www.larson.com/,url
DateOfBirth,1990-07-06T10:17:19,date_iso
userId,52caacd7-6195-4f46-9bec-a4dcf488a2c6,uuid
str_name,0.785577692621248,unknown
Title,Laura Green,unknown
DESCRIPTION,South talk relate information ok rest.,unknown
id,0a926b83-993e-4193-8b93-3e77d0aa26a4,uuid
user_id,956351,numeric_id
title,N/A,unknown
metadata,Lauren Rodriguez,unknown
id,679360,numeric_id
DATE_OF_BIRTH,1993-10-21T16:11:51,date_iso
name,N/A,unknown
METADATA,0.7513733226543081,unknown
EMAIL,dsteele@example.net,email
title,unknown,unknown
val_email_address,patriciameadows@example.org,email
uuid,21ebca1e-8397-4374-b1df-518fb2700b88,uuid
title,Wrong market operation identify central really.,unknown
randomKey,Mrs. Amanda Shepherd,unknown
eml_addr,sharonpotter@example.com,email
Url,https://brown.info/,url
Description,Hair part then life share affect own.,unknown
ENABLED,True,boolean
description,N/A,unknown
user-id,47286,numeric_id
contact_mail,russellcarl@example.com,email
guid,3c1d23a4-8949-420e-b67d-f6c720097f34,uuid
contact-mail,pamelasantiago@example.org,email
random_key_val,0.27887078691533196,unknown
customer_id_val,651370,numeric_id
order_id,906392,numeric_id
website,http://www.clark.com/,url
link,https://www.king-simmons.com/,url
name,N/A,unknown
str_verified,1,boolean
CONTACT_MAIL,shannon55@example.com,email
CreatedAt,2017-10-16T13:53:28,date_iso
is_active_val,0,boolean
str_timestamp,2000-09-27T03:15:52,date_iso
contact_mai,michael06@example.com,email
customer_id,775507,numeric_id
str_email,melodymiller@example.org,email
title_val,unknown,unknown
EMAIL_ADDRESS,dayamy@example.com,email
order-id,189382,numeric_id
session_id,7e2e014f-c454-4af6-b37a-8a33bbe43eb5,uuid
email-address,beverly12@example.com,email
contact-mail,swalters@example.com,email
str_url,http://www.schroeder-hicks.info/,url
email_address_val,fsavage@example.net,email
contact_mail_val,kiaracastillo@example.com,email
is_active,True,boolean
METADATA,0.11996197160756139,unknown
USER_EMAIL,michaelsmith@example.net,email
str_verified,1,boolean
email_address,dthomas@example.org,email
RANDOM_KEY,Gene Perez,unknown
val_url,https://jones.info/,url
user_id,1b01817c-7e11-487b-a9f2-31607f5839e5,uuid
description,N/A,unknown
val_timestamp,2017-12-28T13:41:17,date_iso
email_address_val,robertcastillo@example.org,email
Url,https://thompson-rodriguez.com/,url
SessionId,2bfb7270-e75a-4066-b33a-bfdfb86bcd85,uuid
user_emai,vgarner@example.net,email
URL,http://ramirez.net/,url
link_val,http://frost.com/,url
metadata,Sometimes arm section account.,unknown
str_customer_id,209437,numeric_id
enabled,true,boolean
id_val,02ba8084-f183-438c-8dd2-1208f5eb532e,uuid
description,N/A,unknown
id,402425,numeric_id
str_title,unknown,unknown
AVATAR_URL,https://www.richardson-scott.com/,url
uuid,fbb805d9-6206-403d-a87e-3fd510f851e0,uuid
str_description,0.4997342718840685,unknown
url_val,http://www.montoya.com/,url
user_id,e3307a03-4ad2-4443-a6a7-95851d014570,uuid
description_val,Mr. Raymond Moreno,unknown
metadata,N/A,unknown
guid,bc34592b-781b-4369-a697-db149e2f53de,uuid
val_order_id,47093,numeric_id
user_id,457700,numeric_id
url,https://www.jones.com/,url
uuid_val,9a7ed54f-fc05-4642-be58-811fdb727bf3,uuid
contact-mail,jasonrogers@example.net,email
order-id,289910,numeric_id
description,0.7543336181070357,unknown
RANDOM_KEY,Rather summer office knowledge I.,unknown
str_website,https://www.morales.com/,url
random_key,N/A,unknown
user_email,angela77@example.net,email
created_at_val,2024-02-29T04:04:34,date_iso
email_address,paul10@example.com,email
EMAIL,mooresusan@example.com,email
val_email_address,seanbailey@example.com,email
val_email,fclark@example.net,email
enabled,0,boolean
str_date_of_birth,1985-09-23T21:23:53,date_iso
user-email,matthewrodriguez@example.org,email
str_title,unknown,unknown
DATE_OF_BIRTH,1993-07-12T16:01:29,date_iso
DATE_OF_BIRTH,2007-06-25T16:24:21,date_iso
str_created_at,2015-05-25T16:38:51,date_iso
session_id,f240e79b-9273-451b-9357-cd51febfd54d,uuid
val_created_at,2004-10-10T01:17:05,date_iso
ORDER_ID,351415,numeric_id
uuid,dd16312d-b917-444b-9a8a-cdd251e6b348,uuid
name,0.4408368265847833,unknown
has_access,0,boolean
AVATAR_URL,https://www.davis-thompson.com/,url
timestamp_val,2012-08-16T08:25:06,date_iso
eml_addr,sierra26@example.net,email
val_name,Pamela Woods,unknown
str_random_key,unknown,unknown
str_description,Robert Travis,unknown
val_timestamp,2006-10-17T01:19:30,date_iso
str_random_key,Hold shoulder value add school certain.,unknown
user_id_val,277ee12c-4161-43a2-92c4-01e014191b75,uuid
val_verified,0,boolean
is_active_val,true,boolean
description,Pedro Hobbs,unknown
name,Jacob Quinn,unknown
id_val,458218c3-ae5b-4804-b69e-33910a77047d,uuid
date-of-birth,2024-07-27T10:38:35,date_iso
val_user_id,712446,numeric_id
id,9d067ee0-e099-43aa-bba6-3ac0c9fc33cc,uuid
Email,nwilliams@example.net,email
ID,926208,numeric_id
verified,true,boolean
website_val,https://www.booth.com/,url
is_active_val,false,boolean
random-key,N/A,unknown
created_at,1971-06-15T12:23:02,date_iso
val_url,https://www.edwards.org/,url
url,http://rose.com/,url
val_title,Luke Obrien,unknown
url,https://paul.info/,url
order_id,894854,numeric_id
email,brittanygarcia@example.net,email
str_id,742098,numeric_id
updatedAt,2015-07-24T02:56:44,date_iso
random_ke,Jeffrey Phillips,unknown
str_session_id,a622cc22-5472-40bd-8727-29e34e2c7a54,uuid
val_metadata,0.9830090317544143,unknown
contact_mail_val,brittanyharris@example.org,email
str_description,unknown,unknown
date_of_birth,2021-05-14T21:47:27,date_iso
description,unknown,unknown
val_name,Night simple recent material keep our exactly.,unknown
avatar_url,http://miller.biz/,url
emailAddress,hernandezjesus@example.net,email
user_id,320446,numeric_id
name,N/A,unknown
user_id,225738,numeric_id
id,882979,numeric_id
id,381615,numeric_id
updated_at,2020-02-28T03:07:14,date_iso
url,http://white-myers.info/,url
USER_EMAIL,adamswhitney@example.org,email
str_has_access,1,boolean
user_id,291215,numeric_id
order_id,618502,numeric_id
user_email,kenneth35@example.net,email
id,68859,numeric_id
name_val,Ronald Day,unknown
id,ad9b2267-fe3b-4f9a-8dbf-f77c340169bc,uuid
customer_id,280561,numeric_id
val_enabled,true,boolean
title,0.5284549191430787,unknown
avatarUrl,http://bell.com/,url
url,https://www.bennett.com/,url
updated-at,1971-11-05T17:28:24,date_iso
guid,cd0e9022-8f1d-4d94-b446-2efdd24586f3,uuid
name,Within stop be human.,unknown
is_active,True,boolean
metadata,unknown,unknown
avatar_url_val,http://gutierrez.com/,url
uuid,683d6bd6-891c-49cd-805f-5139694de423,uuid
userId,daf8f19c-b7d3-4121-bd7f-2c8eb1dbf5ca,uuid
val_title,unknown,unknown
str_customer_id,80433,numeric_id
name_val,N/A,unknown
metadata_val,N/A,unknown
created_at,1980-12-23T10:16:17,date_iso
USER_ID,b7777f7b-e6e3-458f-b1d0-d89f7c6a79e2,uuid
ContactMail,richardsonbryan@example.org,email
USER_EMAIL,nicole01@example.org,email
val_description,Ashley Padilla,unknown
DATE_OF_BIRTH,2025-03-11T01:26:01,date_iso
enabled,1,boolean
description,N/A,unknown
str_description,N/A,unknown
contact-mail,patrickmccall@example.org,email
contact_mail,torresbrittany@example.org,email
userEmail,lgarza@example.com,email
metadata,Michele Cardenas,unknown
is_active,True,boolean
CreatedAt,2001-09-01T17:46:13,date_iso
val_order_id,818590,numeric_id
random_key,N/A,unknown
uuid,0bb4ee90-2c89-41c8-9b0b-2650bd0dfd7f,uuid
timestamp_val,1987-10-01T14:13:33,date_iso
guid,7e2b80e5-07f9-44c4-941d-8790c5eb7e18,uuid
has-access,false,boolean
UPDATED_AT,2016-09-01T01:14:47,date_iso
user_email,kwhitney@example.org,email
name_val,0.2941487704617485,unknown
val_created_at,1992-11-17T14:29:14,date_iso
str_uuid,12e22894-737f-4722-bc37-7ec0fe5c037d,uuid
session_id,c89f8879-7bd3-49ec-b87d-7af389746f75,uuid
name_val,N/A,unknown
userId,ab3985a5-9150-45ba-8858-eb4e148c2865,uuid
NAME,N/A,unknown
contact_mail,sydneybeltran@example.org,email
updated_at_val,1993-05-04T14:07:32,date_iso
website,http://www.sharp.biz/,url
verified,False,boolean
order_id_val,943620,numeric_id
emailAddress,colleen75@example.net,email
val_order_id,601754,numeric_id
timestamp,2014-05-02T16:51:33,date_iso
CreatedAt,2018-09-15T06:22:34,date_iso
has_access,1,boolean
str_customer_id,951560,numeric_id
verified,True,boolean
val_user_id,6086f47b-a9b3-4b73-b5c0-ae4070837892,uuid
avatar-url,http://crawford-lester.biz/,url
description,Term then education win wish.,unknown
id,8c225a5f-9f6e-4dac-986a-49f0157c4d09,uuid
created_at_val,1980-07-01T18:41:09,date_iso
TITLE,Nancy Blair,unknown
DATE_OF_BIRTH,1996-08-06T19:14:51,date_iso
random_key_val,unknown,unknown
GUID,41e175cb-ebda-488a-940e-dbb70d9c6654,uuid
email,turnershelly@example.com,email
Url,https://www.avila.net/,url
metadata,0.8528034917875148,unknown
url,http://jimenez.com/,url
str_metadata,N/A,unknown
created_at,2016-08-07T14:16:00,date_iso
UserEmail,tyler03@example.org,email
session_id,3643a564-66b0-4ba0-97a6-17581207fc8e,uuid
name,Phone activity provide sense.,unknown
email,howellmaurice@example.net,email
createdAt,2007-06-21T15:39:19,date_iso
email,klopez@example.com,email
email,collinsdavid@example.net,email
val_customer_id,936024,numeric_id
CustomerId,570877,numeric_id
ORDER_ID,683725,numeric_id
str_order_id,214200,numeric_id
id,131594,numeric_id
val_title,unknown,unknown
updated_at_val,2009-12-30T23:13:46,date_iso
hasAccess,true,boolean
avatar-url,http://www.jacobs-rogers.com/,url
contact_mail_val,charleshall@example.com,email
val_website,http://www.larson.com/,url
is_active,True,boolean
uuid,8222d288-3150-4549-b062-99add4b1dcc3,uuid
email_address,paynekimberly@example.com,email
url,http://www.bowers.com/,url
metadata_val,unknown,unknown
id,562c5d1a-f749-4476-a1f8-e5f27ee5177c,uuid
str_user_email,matthewsweeney@example.com,email
session_id,dc2e7acc-d0b7-4aff-a7c4-d9d66e4cd216,uuid
name_val,N/A,unknown
val_metadata,System ever main.,unknown
user-id,138036,numeric_id
guid,f183a7c2-9899-4045-88a5-c24a3dda8232,uuid
session_id,398cb72e-5e05-417f-a5f7-6179cc596fcb,uuid
Id,6d4292d1-e838-48e5-a784-0be86dc54462,uuid
userEmail,pmiller@example.com,email
name,N/A,unknown
DateOfBirth,2001-09-13T12:24:06,date_iso
eml,angelacruz@example.org,email
guid,cc8a37a5-ea5c-46a0-b43f-aa7fa62ab447,uuid
str_metadata,Tiffany Burgess,unknown
user_id,057d926d-87b6-4ae5-bab7-2ab2a0425689,uuid
user_id,8fd6238e-66c5-495e-b14d-06c79570346d,uuid
email,cartersamantha@example.net,email
Description,Wind task natural tonight.,unknown
val_metadata,N/A,unknown
link,https://frey.com/,url
customer_id_val,654664,numeric_id
url,https://www.brown.com/,url
description,Mother we message poor mention.,unknown
str_link,https://simmons.com/,url
val_description,N/A,unknown
name,Teresa Smith,unknown
metadata,0.7672758577313021,unknown
title_val,Go moment doctor lead role.,unknown
verified,True,boolean
url,http://www.evans.net/,url
str_is_active,True,boolean
guid,3f9a5350-1c0e-45d2-893a-45c9f5ee34ed,uuid
customer_id,768654,numeric_id
str_id,241180,numeric_id
eml,david81@example.com,email
customer_id,970415,numeric_id
val_enabled,True,boolean
SESSION_ID,897f033a-9bb2-45b5-ad6b-ab64a35067b0,uuid
val_avatar_url,http://www.dudley-castro.org/,url
email_address_val,zkent@example.com,email
OrderId,698538,numeric_id
session_id,74db4701-5161-4c8c-87aa-47653df21761,uuid
Metadata,unknown,unknown
TITLE,unknown,unknown
random_key,Kimberly Burch,unknown
str_user_email,kendra12@example.com,email
id,759750,numeric_id
verified_val,1,boolean
updatedAt,1977-05-01T20:11:17,date_iso
Title,0.8231913921688597,unknown
name,Kevin Smith,unknown
WEBSITE,http://www.edwards.com/,url
id,78729,numeric_id
date_of_birth,1975-02-26T10:08:52,date_iso
val_has_access,1,boolean
val_avatar_url,https://www.williams.info/,url
id,188416,numeric_id
id,228395,numeric_id
metadata,0.5196028719356868,unknown
titl,0.04126581210453939,unknown
val_guid,b1963569-d50f-4f98-a75e-a0f80183731d,uuid
val_contact_mail,lynncarroll@example.com,email
str_email,lisagriffin@example.com,email
contactMail,ronnie69@example.net,email
val_name,Between school ten.,unknown
name,0.06539454974487302,unknown
has-access,false,boolean
metadata,Jennifer Murillo,unknown
METADATA,0.0691306455147992,unknown
enabled,1,boolean
user-email,stricklandvictor@example.com,email
LINK,https://hebert-robinson.com/,url
Timestamp,2004-05-19T21:28:45,date_iso
name,0.9655646227036526,unknown
is_active,False,boolean
val_metadata,N/A,unknown
link,http://www.turner.net/,url
hasAccess,false,boolean
description,N/A,unknown
UpdatedAt,1994-03-18T17:01:40,date_iso
val_metadata,0.02074727845245994,unknown
DateOfBirth,2018-12-30T09:48:28,date_iso
has_access,1,boolean
val_is_active,True,boolean
order_id_val,113979,numeric_id
name,N/A,unknown
url,http://hill.biz/,url
SESSION_ID,fc01d997-b080-4f30-9ec1-5d32bc210f3b,uuid
Name,N/A,unknown
random_key,Until him power heart various exactly.,unknown
str_customer_id,586132,numeric_id
enabled,True,boolean
created_at,1986-02-03T12:28:39,date_iso
url,http://hanson.com/,url
name,N/A,unknown
id,4e35f64d-9d59-4ccc-803d-61aeee985cf2,uuid
customer_id_val,125320,numeric_id
eml,brenda18@example.org,email
title_val,No lot possible however produce me.,unknown
has_access,true,boolean
Metadata,unknown,unknown
val_url,http://www.barnes-garza.com/,url
email_address,crystal42@example.org,email
WEBSITE,https://bryan-crosby.com/,url
date_of_birth_val,1972-11-03T16:53:25,date_iso
has_access_val,False,boolean
URL,https://guzman.com/,url
order_id,442245,numeric_id
METADATA,West wrong enjoy accept choice national.,unknown
has-access,True,boolean
random_key,Alison Cannon,unknown
is_active,0,boolean
str_order_id,876300,numeric_id
guid,1e77154d-774f-4c24-a4aa-6625febcc612,uuid
val_user_id,0042abf7-d641-4c50-827a-b4f7f29e4dc6,uuid
description,Be then become play.,unknown
str_verified,1,boolean
guid_val,8a729117-7474-4c72-9f1d-fe4767805eda,uuid
WEBSITE,http://www.campbell.com/,url
contactMail,daniel11@example.net,email
str_random_key,unknown,unknown
user_id,c745207f-96ab-4448-8396-4516c33dd2ba,uuid
random_key,0.4460032167000133,unknown
Link,http://www.wilson-allison.biz/,url
updatedAt,1973-12-28T18:19:27,date_iso
str_metadata,0.5931274948676122,unknown
email,wyatthughes@example.com,email
has_access,true,boolean
user_id_val,a048ca9d-e30e-4adc-9184-c871d47f6d0a,uuid
val_avatar_url,https://www.stein.com/,url
verified,false,boolean
sessionId,c58d5fb4-9e6e-49db-9a2f-93af6693ff32,uuid
str_title,David Steele,unknown
Description,0.5376776084788114,unknown
str_enabled,true,boolean
val_order_id,918096,numeric_id
CustomerId,71152,numeric_id
val_name,N/A,unknown
val_user_id,393203,numeric_id
has_access_val,False,boolean
str_avatar_url,http://braun.org/,url
str_name,Lisa Warner,unknown
link_val,http://www.fields.com/,url
str_has_access,false,boolean
orderId,711198,numeric_id
orderId,886057,numeric_id
random_key,Deborah Sandoval,unknown
metadata,Trouble stay knowledge five speak form.,unknown
val_description,0.8047700993301364,unknown
email,thompsonseth@example.org,email
val_avatar_url,http://jones-foster.net/,url
CustomerId,677436,numeric_id
Uuid,19c43b9d-7a70-43fe-a227-30e96c2d0986,uuid
ENABLED,true,boolean
str_verified,1,boolean
url,http://combs-hoffman.info/,url
RandomKey,Feel since too music.,unknown
DateOfBirth,2013-09-30T06:06:40,date_iso
link,https://www.velazquez-baker.com/,url
id,d0692a66-7ffd-4c03-a0be-8ed134881ba0,uuid
DESCRIPTION,unknown,unknown
str_email,hannah99@example.com,email
str_session_id,19e975e8-7938-440d-9d61-4ce173a328ca,uuid
UpdatedAt,1979-08-07T05:27:49,date_iso
val_has_access,True,boolean
val_avatar_url,http://www.howell.org/,url
user_id,c7631bce-d594-43f8-a8d8-a8fe9047bed2,uuid
email,xmurphy@example.net,email
val_id,141e8478-a567-4f88-8121-6e269dfbd83b,uuid
EmailAddress,jermaine82@example.net,email
uuid,34d4913b-446e-4a54-883b-d0b33e4fa597,uuid
str_link,http://johnson-norton.com/,url
NAME,N/A,unknown
created-at,1992-10-21T08:31:09,date_iso
description,Range visit much begin mother product theory.,unknown
description,Donald Cruz,unknown
enable,False,boolean
title,unknown,unknown
DESCRIPTION,Until energy of bank arm value attorney best.,unknown
val_enabled,True,boolean
email,brenda89@example.org,email
name,unknown,unknown
Email,christypatrick@example.net,email
METADATA,N/A,unknown
Metadata,James Fox,unknown
created_at,2014-03-03T15:02:35,date_iso
metadata,N/A,unknown
OrderId,493189,numeric_id
metadata,unknown,unknown
order_id,485662,numeric_id
id,833868,numeric_id
val_description,Cost step plan action.,unknown
updatedAt,1982-11-24T10:06:29,date_iso
url_val,https://www.baker.info/,url
created_at_val,2007-04-09T08:14:00,date_iso
user-id,500438,numeric_id
is-active,True,boolean
UpdatedAt,2018-03-30T01:32:04,date_iso
SESSION_ID,d4a40b04-c1be-468f-b966-d7cd4da928b5,uuid
avatar-url,http://www.price.com/,url
guid,1757a941-a129-4ca5-a2cf-d2210bdd1dcb,uuid
name,unknown,unknown
RANDOM_KEY,unknown,unknown
name,0.32418867628712766,unknown
timestamp_val,1972-03-03T21:10:54,date_iso
user_eml,john32@example.net,email
USER_ID,a201e9fb-fd58-4fc1-b667-6a4b9ea47429,uuid
UPDATED_AT,1970-09-14T18:07:51,date_iso
has-access,true,boolean
Timestamp,2015-04-06T06:23:42,date_iso
val_guid,3de7a160-2bd1-44f7-9147-1546ba242f9d,uuid
updated-at,1999-07-22T01:35:36,date_iso
metadata_val,N/A,unknown
name,unknown,unknown
name,0.38822102460274266,unknown
user-id,886326,numeric_id
email,wandasanchez@example.org,email
title,0.8575508703513612,unknown
session_id,4df9d1c1-ab16-476c-bb54-16d814e3cf85,uuid
METADATA,unknown,unknown
val_updated_at,1995-05-07T02:42:21,date_iso
orderId,706841,numeric_id
email,randallperkins@example.net,email
session_id,5611aa09-bf3f-4df7-9c7d-438b96bf6b3e,uuid
random_key,Commercial add end generation.,unknown
Timestamp,2025-01-24T16:41:53,date_iso
title_val,N/A,unknown
email-address,smithjasmine@example.org,email
RANDOM_KEY,N/A,unknown
DESCRIPTION,Karen Mcfarland,unknown
email,nicole12@example.org,email
updatedAt,2002-09-13T09:35:31,date_iso
title,unknown,unknown
CustomerId,738578,numeric_id
name,N/A,unknown
website_val,http://ali.biz/,url
ContactMail,ssmith@example.com,email
emailAddress,jacobpayne@example.org,email
TITLE,0.254283216592636,unknown
val_updated_at,2018-09-25T11:02:01,date_iso
user_id_val,616274,numeric_id
user-email,ohughes@example.com,email
description,unknown,unknown
name,0.4555859343852785,unknown
name,0.18945667083219742,unknown
guid_val,ebe9a61e-69fd-4c39-9bd9-dc0421f73fb4,uuid
DateOfBirth,1988-12-01T23:28:33,date_iso
customer_id,883486,numeric_id
Link,https://wilson.info/,url
name_val,unknown,unknown
website,http://www.adams.net/,url
date_of_birth,1984-02-07T23:41:28,date_iso
title,Catherine Jones,unknown
name,Position whole century head film.,unknown
random_key,N/A,unknown
str_description,North finally west read area man.,unknown
random_key,0.5014075307182067,unknown
description,0.37522443143642226,unknown
contact_mail,robertmoore@example.org,email
str_id,50442,numeric_id
verified_val,True,boolean
url,https://gonzalez-schmidt.com/,url
metadata,unknown,unknown
random_ke,unknown,unknown
AvatarUrl,https://www.bates.com/,url
eml_addr,fvelasquez@example.org,email
hasAccess,true,boolean
verified,True,boolean
is_active,1,boolean
timestamp,2000-12-24T16:01:16,date_iso
str_updated_at,1995-06-16T23:52:14,date_iso
name,N/A,unknown
Website,https://freeman.com/,url
description,unknown,unknown
metadata,Jonathan Chapman,unknown
is_active_val,False,boolean
description,Amanda Peck,unknown
val_is_active,false,boolean
val_user_email,robert24@example.com,email
timestam,1976-03-09T19:50:20,date_iso
metadata,N/A,unknown
Verified,0,boolean
enabled,True,boolean
name_val,N/A,unknown
email-address,ilawrence@example.net,email
session-id,19a63c37-a415-46d8-aa1e-121b3858d147,uuid
verified,false,boolean
val_session_id,4a52e6ca-33e6-428c-8b25-16b8bd24944e,uuid
has_acces,1,boolean
val_metadata,Robert Kennedy,unknown
website,http://www.woods-jacobs.com/,url
updated_at,2011-08-02T02:59:07,date_iso
RandomKey,0.27210339539253436,unknown
Url,http://simon.com/,url
str_created_at,1982-03-12T00:59:29,date_iso
eml_addr,jay28@example.com,email
order-id,818764,numeric_id
user-id,fbc1b293-20d4-4e66-a727-972954c1e3fe,uuid
val_updated_at,1994-01-24T21:18:33,date_iso
str_user_id,4525,numeric_id
title,Soon purpose event themselves.,unknown
id,893405,numeric_id
UserEmail,singletoncassandra@example.org,email
uuid_val,4ac7631c-4aac-4b7e-a55b-d67b9a9ddec0,uuid
user_email,dwise@example.com,email
metadata,Michelle Brown,unknown
val_avatar_url,https://foley-anderson.org/,url
val_name,0.9540594172845834,unknown
user-id,639029,numeric_id
order_id_val,581136,numeric_id
val_email,lopezjacob@example.org,email
WEBSITE,http://www.aguilar.com/,url
is_active_val,0,boolean
val_guid,6b189129-841a-4478-9a3e-8fbeae627227,uuid
contact_mail,nchristensen@example.com,email
val_avatar_url,https://www.wallace.com/,url
RandomKey,Kimberly Kennedy,unknown
website,http://gonzalez-crawford.org/,url
metadata,0.7171491220116766,unknown
TIMESTAMP,2024-11-17T11:28:55,date_iso
id,7eabffc8-debc-425c-a3d5-b6be08d7abbd,uuid
random_key,Derek Montgomery,unknown
name,N/A,unknown
link,https://www.mathews-sims.com/,url
contact_mail_val,thomastyler@example.net,email
DateOfBirth,2019-11-01T01:38:18,date_iso
customer_id,223150,numeric_id
user_id,705413,numeric_id
verified,false,boolean
val_id,53441,numeric_id
id,581545,numeric_id
metadata,Daughter usually development lawyer.,unknown
timestamp,2000-08-15T07:13:39,date_iso
str_name,unknown,unknown
str_metadata,Tanya Dixon,unknown
description,Mark Carlson,unknown
updated-at,2013-06-13T08:16:50,date_iso
name,Vanessa Kline,unknown
session-id,5a23d614-a604-4626-bc65-0f051245c88c,uuid
url,https://hoffman-frazier.com/,url
str_session_id,bb9f50b0-4fbb-4b5c-a044-2f369613dd09,uuid
Id,b8b59ed8-b086-4a3a-b7c0-c3389cd1c7df,uuid
random-key,N/A,unknown
Name,unknown,unknown
contact-mail,christopherwilson@example.org,email
val_user_email,ukrueger@example.com,email
EmailAddress,steven73@example.com,email
VERIFIED,False,boolean
description,Break wear long identify bit number sister.,unknown
DateOfBirth,1980-07-14T03:55:14,date_iso
UUID,b3d6da80-f31e-45a6-8eed-ed2bccef7a58,uuid
email_address,handerson@example.com,email
id,36b359e0-72db-459e-b3e9-6b33a36ee249,uuid
verified,1,boolean
str_description,0.5706814898389391,unknown
val_id,123282,numeric_id
str_random_key,James White,unknown
id,728234,numeric_id
enabled_val,True,boolean
val_guid,546746ae-3e93-4d72-b0e8-0c06ad86ddff,uuid
created_at,2014-12-07T20:36:57,date_iso
val_random_key,N/A,unknown
Link,https://glover.biz/,url
eml_addr,taylorscott@example.net,email
str_description,0.5437262957754405,unknown
created_at,2023-10-20T09:04:10,date_iso
avatarUrl,https://williams-miller.com/,url
val_name,0.9470694790361308,unknown
user_eml,whiteamy@example.com,email
id,501397,numeric_id
description,0.6420517663080724,unknown
Id,122709,numeric_id
customer_id,669885,numeric_id
Link,http://www.gonzalez.com/,url
IS_ACTIVE,0,boolean
date_of_birth,1970-02-03T14:46:38,date_iso
val_verified,1,boolean
customer_id,468071,numeric_id
val_has_access,False,boolean
str_user_id,626664,numeric_id
OrderId,657223,numeric_id
enabled_val,1,boolean
title,unknown,unknown
val_date_of_birth,2023-10-21T00:56:35,date_iso
email_address,joshua76@example.com,email
verifie,False,boolean
email_val,itrujillo@example.com,email
CREATED_AT,2011-09-17T19:25:13,date_iso
email-address,uschmidt@example.net,email
uuid,4e82ca86-7097-4687-bc6b-0a9d434c93e7,uuid
str_name,Economic foreign wind sit level care.,unknown
guid,a0ef018f-d475-49e8-a423-ed0cc088994e,uuid
timestamp,2005-08-07T19:24:03,date_iso
AvatarUrl,http://www.hill.com/,url
val_description,Enter through investment stay item beyond this itself.,unknown
metadata,N/A,unknown
randomKey,N/A,unknown
str_avatar_url,http://rodriguez-wheeler.com/,url
link_val,https://www.mckee.com/,url
email,xhunter@example.org,email
RANDOM_KEY,0.06516160452273678,unknown
customerId,461897,numeric_id
created-at,1986-05-02T19:21:03,date_iso
contact_mail,porterholly@example.org,email
user_id_val,278397,numeric_id
name,Ahead medical follow understand woman between consider quality.,unknown
RANDOM_KEY,N/A,unknown
val_is_active,0,boolean
enabled_val,1,boolean
order_id,239906,numeric_id
val_order_id,625924,numeric_id
val_name,The PM culture.,unknown
val_timestamp,2006-04-22T01:11:19,date_iso
email_address,ygreen@example.org,email
timestamp,1996-06-06T00:20:09,date_iso
description,Mr cultural the result town now computer six.,unknown
description,unknown,unknown
description,N/A,unknown
order_id_val,556155,numeric_id
str_uuid,a5799f96-4780-4331-b142-cf0b9e8a104a,uuid
ID,751962,numeric_id
str_random_key,0.6303024996296076,unknown
description_val,N/A,unknown
customer_id,584536,numeric_id
val_guid,6ffec95d-5ba7-4acb-9848-b93f872656ec,uuid
id,03798498-a02c-437c-be4f-3dc5f2db4c47,uuid
eml_addr,yfoster@example.com,email
id,21667,numeric_id
guid,8ab4570d-405c-4742-9b2c-923694918247,uuid
userEmail,thomasanita@example.com,email
customer_id,468431,numeric_id
verified,0,boolean
CreatedAt,1979-09-10T12:27:00,date_iso
email,oliviaavery@example.org,email
website,https://www.bell.com/,url
name,N/A,unknown
created_at,1992-07-08T12:21:18,date_iso
Email,jodi77@example.net,email
email_address,wjacobs@example.net,email
updated_at,2004-10-30T16:46:03,date_iso
created_at_val,2015-07-06T04:03:46,date_iso
title,Administration man only someone series.,unknown
updated_at_val,1980-04-18T02:18:28,date_iso
eml_addr,victor44@example.com,email
customer_id,46929,numeric_id
enabled,true,boolean
val_url,https://chen-rose.com/,url
name,unknown,unknown
description,N/A,unknown
str_customer_id,968086,numeric_id
timestamp,1998-04-02T13:31:17,date_iso
name_val,N/A,unknown
CONTACT_MAIL,millermary@example.org,email
GUID,2e7ec87a-faf7-47a1-a861-fd5125c9c53e,uuid
enabled,true,boolean
has_access,True,boolean
updated_at,2001-01-29T08:38:04,date_iso
str_is_active,true,boolean
guid,f4288e82-b731-4ec4-9fba-9bf2b6624b1f,uuid
val_user_email,lorigordon@example.net,email
description,Offer himself purpose son him.,unknown
description,Monica Martin,unknown
date_of_birth,1981-08-13T01:14:46,date_iso
Url,https://www.gutierrez.com/,url
str_updated_at,2019-07-06T14:33:41,date_iso
AvatarUrl,http://dennis.com/,url
userId,925709,numeric_id
description,0.46839502284888523,unknown
SESSION_ID,0f43adc2-1704-4891-80cf-95578c919338,uuid
METADATA,Christina Hatfield,unknown
id,f1cf5a80-43a1-417e-8e59-d4aa45fbcefb,uuid
str_has_access,0,boolean
has_access,True,boolean
date_of_birth,1983-08-15T10:46:00,date_iso
updatedAt,2021-08-09T18:23:41,date_iso
user_eml,cunninghambrenda@example.org,email
timestamp,1999-01-02T21:48:32,date_iso
created-at,1981-08-13T06:10:20,date_iso
val_link,http://www.wright-chase.org/,url
session_i,c4494ae3-73c2-4402-be49-c151442f6863,uuid
str_name,Ellen Brandt,unknown
user_eml,kevin61@example.net,email
val_link,https://www.scott.info/,url
avatar_url,http://www.harris.biz/,url
val_random_key,0.3400478517123918,unknown
Uuid,58ce7498-b30b-4dc7-9b56-49257a1c6d55,uuid
random_key,N/A,unknown
name,Peter Frye,unknown
guid,2ef113c6-d14f-46aa-af75-1f44409bc4cb,uuid
uuid,16fdd032-3db8-47a8-9463-b47708abe531,uuid
CONTACT_MAIL,fredholmes@example.org,email
timestamp,2019-11-06T03:36:30,date_iso
val_guid,718073c7-1ce4-4253-b1bc-8b4e0f016060,uuid
url,http://clark.org/,url
id,73bee234-1b22-4478-8d12-37cf732407fe,uuid
Enabled,false,boolean
str_link,http://www.schroeder.org/,url
uuid_val,4766bece-fbe6-4976-a3c1-3108da46ab02,uuid
str_email_address,logan01@example.net,email
Id,788654,numeric_id
verified,False,boolean
WEBSITE,http://www.morris.com/,url
url,http://cook.com/,url
DESCRIPTION,unknown,unknown
avatar-url,http://www.lowe-sampson.com/,url
userId,d7821062-ac2e-4185-893c-03fac353a3f5,uuid
website,http://rodriguez.com/,url
description,Michael Johnson,unknown
is-active,False,boolean
contact_mail_val,wyattmitchell@example.com,email
created_at_val,2017-04-15T02:04:49,date_iso
link,https://www.powell.com/,url
val_name,Andrea Everett,unknown
description,James Blankenship,unknown
title,Film bed surface decision.,unknown
WEBSITE,https://graves-wolfe.com/,url
email-address,njimenez@example.org,email
has_access,True,boolean
description,Terry Phillips,unknown
avatar_url,https://murillo.com/,url
UserEmail,dbright@example.net,email
userId,e3c4f31a-a188-4b4a-9712-fc348cfac49b,uuid
random-key,N/A,unknown
guid,520c46bd-fd0d-4b24-996e-194e1dca7ed4,uuid
val_email_address,jacquelinewilliams@example.com,email
description,N/A,unknown
name,N/A,unknown
updated_at,2011-12-12T16:13:05,date_iso
Metadata,unknown,unknown
val_customer_id,47089,numeric_id
CREATED_AT,1993-06-13T17:04:21,date_iso
name,Fish lay argue within laugh woman.,unknown
val_id,326622,numeric_id
TIMESTAMP,2019-08-01T08:52:21,date_iso
has_access,False,boolean
IsActive,1,boolean
val_website,https://munoz-romero.org/,url
metadata,N/A,unknown
verified,0,boolean
hasAccess,true,boolean
name,Conference individual hard near.,unknown
URL,https://www.parks.com/,url
date_of_birth,1971-08-04T11:33:18,date_iso
session_id_val,61d07524-f28a-4d22-ad8f-43226c26c535,uuid
TITLE,Compare serve forget available.,unknown
description,Front fact fly form cover civil experience.,unknown
name,0.8466603112354845,unknown
str_metadata,Tanya Collins,unknown
HAS_ACCESS,True,boolean
avatar_url_val,https://jones-campbell.com/,url
Uuid,8ee8e397-6553-4df0-bd56-f76076d2e553,uuid
title,N/A,unknown
eml_addr,simonalicia@example.net,email
contact_mail,michael86@example.org,email
str_description,0.5529347612274039,unknown
updated_at,2024-06-10T11:47:58,date_iso
METADATA,N/A,unknown
uuid,50734af9-b55b-4ec3-abee-a3a2af48de17,uuid
contact_mail,michaelthompson@example.org,email
customer_id,896108,numeric_id
RANDOM_KEY,unknown,unknown
customer_id,703584,numeric_id
avatar_url,https://www.palmer-cabrera.com/,url
str_description,Case develop nearly bar probably society task bit.,unknown
name,Amy Holt,unknown
val_metadata,0.36657661165438105,unknown
Uuid,d609ba60-3866-41d0-915f-b72745c33858,uuid
title,N/A,unknown
val_email_address,ukane@example.org,email
customerId,420165,numeric_id
RandomKey,unknown,unknown
val_has_access,true,boolean
str_created_at,1999-11-18T09:18:35,date_iso
description_val,0.20622147728093787,unknown
URL,http://lewis-leon.biz/,url
val_title,N/A,unknown
verified,false,boolean
title,Elijah Caldwell MD,unknown
Email,robert85@example.com,email
updated_at,2009-07-25T20:45:29,date_iso
WEBSITE,http://www.aguilar.com/,url
ContactMail,tmcconnell@example.com,email
METADATA,Fight authority own me beautiful myself shake.,unknown
order_id,270462,numeric_id
enabled,0,boolean
id_val,807381,numeric_id
session_id,534388b1-dda1-475a-a672-de80ae6ce7d6,uuid
website_val,https://www.howard.com/,url
EMAIL_ADDRESS,lynnshirley@example.com,email
str_name,David Allison,unknown
random-key,unknown,unknown
title_val,unknown,unknown
order-id,961762,numeric_id
val_avatar_url,http://stewart.info/,url
val_date_of_birth,2000-06-18T13:25:28,date_iso
timestamp,2009-11-25T22:06:43,date_iso
VERIFIED,1,boolean
userId,196465,numeric_id
customer_id,192177,numeric_id
description,Once live none per morning message against director.,unknown
order_id,308120,numeric_id
id_val,470725,numeric_id
name,0.863463362196731,unknown
Name,unknown,unknown
LINK,https://www.crawford.biz/,url
EMAIL_ADDRESS,parkerbrenda@example.org,email
val_random_key,John Baxter,unknown
val_url,http://www.sutton.info/,url
has-access,1,boolean
IS_ACTIVE,0,boolean
enabled,false,boolean
updated-at,2009-02-11T07:46:44,date_iso
customer_id,657831,numeric_id
id,d8482763-5e41-4736-803b-b4bcf2f69e63,uuid
guid,95e3c808-c55b-4b27-b043-5bdb8d6a3f78,uuid
CUSTOMER_ID,282046,numeric_id
Name,Jeremy Miller,unknown
has_access,0,boolean
user_email,bakermark@example.org,email
CREATED_AT,1998-08-10T23:19:42,date_iso
random_key,0.30335828677126353,unknown
id,d0012a95-0980-4a6e-b878-4ec5e1ab18d7,uuid
is_active,False,boolean
val_id,73ff92de-8510-4d9f-8335-e692138c8a32,uuid
id_val,e3d3b290-3fbc-418a-b0d5-d91401e21513,uuid
customerId,438980,numeric_id
AVATAR_URL,https://www.villanueva.com/,url
TITLE,Decision job wind society trouble.,unknown
val_guid,037a03ae-982d-462a-857d-d7c85752baf8,uuid
LINK,https://www.hayes.info/,url
str_user_email,thomas79@example.net,email
is_active,false,boolean
val_metadata,0.9431970051079255,unknown
order_id,588779,numeric_id
session_id,e2261139-8d18-4120-8dc6-c362720f6812,uuid
EMAIL,suzanne59@example.net,email
user_eml,holmeskimberly@example.org,email
ORDER_ID,185691,numeric_id
avatar_url_val,https://johnson.com/,url
str_id,c293a76b-9af1-44df-807d-078b6cc7e27b,uuid
verified,False,boolean
website,http://scott.org/,url
str_user_id,23e03d20-820d-4905-8e38-bada44804832,uuid
created_at,2023-11-01T10:12:37,date_iso
TITLE,Someone prepare life seem onto.,unknown
user_id,490438,numeric_id
metadata,0.0945317474456121,unknown
date-of-birth,1985-01-19T09:49:59,date_iso
str_email,vancemaria@example.org,email
date_of_birth,1993-09-02T08:20:26,date_iso
metadata,Necessary music face between member truth.,unknown
val_metadata,0.53481341466395,unknown
updated-at,2011-05-26T19:43:24,date_iso
customer_id,724709,numeric_id
customer-id,321198,numeric_id
ID,bc2c3452-3aea-49b0-9fea-42b9581ae203,uuid
orderId,579852,numeric_id
website,https://rice.com/,url
title_val,unknown,unknown
link,http://sellers.net/,url
link,https://mcbride.info/,url
Id,5a85c9ed-a11f-40c2-9da6-b32af7bacbea,uuid
session_id_val,ad7b4560-6f42-4cc1-9099-95000e878b1e,uuid
AVATAR_URL,https://santiago.com/,url
Description,unknown,unknown
Id,875015,numeric_id
is_active,0,boolean
CREATED_AT,2016-02-20T03:42:51,date_iso
USER_EMAIL,whitesophia@example.net,email
email_val,sanchezeric@example.net,email
session_id,a234b252-22c2-41f9-bfaf-29921bfd06e5,uuid
val_name,0.10475128921267107,unknown
enabled,0,boolean
val_has_access,True,boolean
str_description,William Macdonald,unknown
user_id,993613,numeric_id
userId,372035,numeric_id
str_is_active,False,boolean
EMAIL_ADDRESS,heathbryan@example.com,email
random-key,unknown,unknown
name_val,N/A,unknown
title,N/A,unknown
str_random_key,Bring trip position court goal matter mouth child.,unknown
avatarUrl,https://clark.com/,url
AVATAR_URL,https://www.wright.com/,url
VERIFIED,False,boolean
name_val,Travel company class later establish traditional serious.,unknown
session-id,2d111875-ff0a-40bb-a5f9-55bdf356274c,uuid
date-of-birth,1985-03-08T02:53:43,date_iso
is_active,0,boolean
created_at,1986-02-08T13:19:54,date_iso
id,17404,numeric_id
guid_val,b97b419b-c391-4fb7-9019-f05cd8ed0967,uuid
title,unknown,unknown
title,unknown,unknown
session_id,4f1740a3-9bad-437c-bf60-6e94367da37f,uuid
is_active,1,boolean
website,https://www.smith.com/,url
metadata,N/A,unknown
user_id,464278,numeric_id
random_key,0.06953300548333785,unknown
timestamp,1973-05-09T06:03:55,date_iso
VERIFIED,true,boolean
customer_id,217866,numeric_id
str_session_id,34389396-85f7-47c1-920a-3ed3c8a6b948,uuid
has_access,false,boolean
str_title,0.7083977537931752,unknown
Title,Joanna Stevens,unknown
randomKey,N/A,unknown
random_key_val,0.03471932061294103,unknown
created_at_val,2013-12-16T11:53:45,date_iso
VERIFIED,0,boolean
enabled,True,boolean
avatar_url,http://www.jensen-edwards.info/,url
str_email,adam44@example.org,email
description_val,Model present morning party policy cost example.,unknown
Name,N/A,unknown
VERIFIED,True,boolean
val_verified,0,boolean
Metadata,unknown,unknown
website,http://www.schmidt-kim.com/,url
is_active,1,boolean
str_link,https://wall.com/,url
val_user_email,jamie79@example.com,email
name,Noah Smith,unknown
str_guid,fc2867c6-ade5-4c6c-af0c-2800737896a2,uuid
str_email_address,natalie20@example.org,email
Email,lauren78@example.net,email
str_email_address,mary89@example.net,email
id,11514,numeric_id
id,f48ae6a5-5157-429c-a30a-9dfe17ca12b5,uuid
val_created_at,2014-09-20T12:39:29,date_iso
val_name,unknown,unknown
is_active,1,boolean
Enabled,False,boolean
Website,https://wilson.info/,url
str_timestamp,2013-04-21T02:29:55,date_iso
val_user_id,a495b4f1-601d-4c35-af4e-41a8a28b310c,uuid
link,http://www.zamora.com/,url
url,https://nichols-james.biz/,url
verified,0,boolean
val_metadata,Mason Goodman,unknown
Email,mandyhawkins@example.net,email
str_title,N/A,unknown
str_contact_mail,jburns@example.org,email
val_customer_id,262344,numeric_id
Uuid,d9a3da4e-a97a-4369-ae60-c9812d7363c8,uuid
is_active,1,boolean
val_customer_id,415846,numeric_id
str_metadata,Christina Bautista,unknown
metadata,Better red us parent.,unknown
description,unknown,unknown
title_val,Abigail Weaver,unknown
val_title,unknown,unknown
random_key,Erin Stone,unknown
metadata,Cody Becker,unknown
DESCRIPTION,N/A,unknown
name,Thing less box point mouth drug stuff.,unknown
RandomKey,N/A,unknown
str_session_id,4b4ea2bc-5d19-4397-b360-49d53efe5996,uuid
val_user_id,e8c2b859-d76f-4eb4-8f3e-be68e7b01261,uuid
Enabled,1,boolean
timestamp_val,2002-09-20T14:58:13,date_iso
email,allisonsmith@example.net,email
descriptio,Lori Erickson,unknown
OrderId,612005,numeric_id
metadata,unknown,unknown
str_email,blynn@example.net,email
val_enabled,0,boolean
userEmail,ugomez@example.com,email
str_website,http://simpson-patterson.com/,url
str_url,https://www.ortiz.biz/,url
has_access,1,boolean
val_id,26893,numeric_id
description,0.555443110800574,unknown
Timestamp,1997-10-31T21:36:01,date_iso
str_random_key,N/A,unknown
id_val,517850,numeric_id
title,unknown,unknown
is-active,True,boolean
user_id_val,658368,numeric_id
userEmail,nicholsjoel@example.net,email
user_id,c91532d0-234b-41b2-a96b-e3e28d984f7a,uuid
str_name,N/A,unknown
verified,False,boolean
hasAccess,false,boolean
timestamp,2023-10-30T10:58:59,date_iso
val_email_address,lwatkins@example.org,email
metadata,0.45274337896833106,unknown
metadata,unknown,unknown
metadata,Area north theory production concern unit.,unknown
website,http://www.hays.biz/,url
uuid,6f9b6a8c-2814-4d52-90cb-6f505b2bc957,uuid
random_key,Three increase his blue.,unknown
session_id,db14f956-98b1-4da9-aabc-b2c552c96e96,uuid
str_order_id,485812,numeric_id
str_description,N/A,unknown
val_link,http://martinez-clark.com/,url
val_name,Law suffer road of hold.,unknown
CreatedAt,1972-10-10T07:22:45,date_iso
guid,ea97d017-dbdb-4330-a2bd-d41b8b86ec67,uuid
str_metadata,Angela Johnston,unknown
metadata,Maria Edwards,unknown
str_updated_at,2003-01-30T10:51:15,date_iso
str_description,Dawn Martinez,unknown
session-id,01dc8197-c26c-4046-a516-f5a096cdefa8,uuid
id,320730,numeric_id
session_id_val,5c9ed89e-75b8-4615-96b2-bae0a2f1f5d1,uuid
name,0.9039213613563248,unknown
user_id,6360f491-e29a-4e3b-b496-79f72738e92c,uuid
id,230122,numeric_id
emailAddress,cooperstephanie@example.com,email
name,Religious social side bit discuss effort.,unknown
enabled_val,False,boolean
metadata,N/A,unknown
random_key_val,Tim Horne,unknown
Id,211513,numeric_id
url,https://www.taylor.com/,url
user_email_val,cwalker@example.com,email
val_description,Nathan Coleman,unknown
description,Want me put debate behavior.,unknown
val_created_at,2018-06-11T13:15:57,date_iso
str_url,http://www.cannon.info/,url
timestamp,2025-10-27T17:06:19,date_iso
DATE_OF_BIRTH,1973-03-07T20:01:14,date_iso
email,cmeyers@example.net,email
id,503134,numeric_id
email_val,nvang@example.net,email
user_email,smithanthony@example.net,email
str_date_of_birth,2002-02-18T02:04:21,date_iso
metadata,Kimberly Wright,unknown
RANDOM_KEY,Lauren Bowman,unknown
verified_val,True,boolean
uuid,e7e29427-722d-40ae-9164-ec834f23a1b8,uuid
str_user_email,swalker@example.com,email
val_metadata,unknown,unknown
val_email_address,jennifer30@example.com,email
id,28831ddd-09f9-4646-a0fa-ab83a75895f0,uuid
str_order_id,222287,numeric_id
Title,Kitchen lay card room interesting data situation check.,unknown
val_description,unknown,unknown
uuid,514ffb57-bb6e-4847-a812-abe00cb28adb,uuid
str_order_id,874693,numeric_id
timestamp,2005-08-21T18:49:41,date_iso
str_enabled,true,boolean
email,patricia71@example.org,email
TITLE,Receive wind trade herself seven night focus.,unknown
description,Mean service give bank upon late.,unknown
order_id,1941,numeric_id
description,Joe White,unknown
NAME,N/A,unknown
str_description,North our interview.,unknown
Link,http://www.glover.com/,url
verified,False,boolean
TIMESTAMP,1976-03-13T12:08:16,date_iso
val_id,33771,numeric_id
TITLE,0.7426084138787189,unknown
url,http://scott-jones.com/,url
METADATA,N/A,unknown
Title,Robert Fields,unknown
user_email_val,wrightangela@example.com,email
createdAt,2005-11-18T17:50:59,date_iso
UPDATED_AT,2013-12-28T08:23:45,date_iso
metadata,unknown,unknown
customer_id_val,464587,numeric_id
CreatedAt,1976-01-21T11:57:09,date_iso
DESCRIPTION,0.9693610260315646,unknown
user_id,187621,numeric_id
SessionId,48794012-3422-4ad3-ae0c-cad50380866a,uuid
RANDOM_KEY,0.49385554360837847,unknown
str_is_active,1,boolean
OrderId,614646,numeric_id
str_verified,0,boolean
website,http://jimenez-kirby.org/,url
str_random_key,N/A,unknown
Enabled,1,boolean
name,unknown,unknown
url,http://stevens.net/,url
metadata_val,Jason Clayton,unknown
URL,https://www.carter.org/,url
DateOfBirth,1980-04-01T07:00:15,date_iso
isActive,1,boolean
CUSTOMER_ID,381351,numeric_id
title,unknown,unknown
val_order_id,866600,numeric_id
metadata,N/A,unknown
str_guid,2a3cade8-ad6d-4e14-aa69-7e232702c5f4,uuid
title,unknown,unknown
str_updated_at,1993-05-29T08:20:55,date_iso
session_id_val,04f79732-540a-4900-805b-ec94c8204be6,uuid
randomKey,Safe economy pretty.,unknown
IsActive,true,boolean
createdAt,2000-09-23T13:22:55,date_iso
description,Popular purpose music stand attention along realize several.,unknown
val_id,645401,numeric_id
created-at,2008-11-09T19:24:39,date_iso
AVATAR_URL,http://lawrence.info/,url
CUSTOMER_ID,742369,numeric_id
str_is_active,false,boolean
timestamp,2011-05-20T14:49:50,date_iso
metadata,N/A,unknown
metadata,0.08493223190092725,unknown
val_customer_id,841322,numeric_id
SESSION_ID,2efa78dd-c6dc-4b70-af60-d33976fddc78,uuid
has_access,0,boolean
RandomKey,Imagine sea surface as company will eat.,unknown
val_created_at,2012-09-08T03:23:31,date_iso
Verified,false,boolean
customer_id_val,232531,numeric_id
IS_ACTIVE,false,boolean
guid,41a57c9e-2db1-47f4-ae3d-967f3c45bf24,uuid
name,unknown,unknown
email_address,vegazachary@example.org,email
RandomKey,0.5333896935766435,unknown
UserId,949b2b63-a014-4d8b-bf1a-7fe0ee1ce3f5,uuid
Timestamp,1983-07-18T10:35:49,date_iso
email,zachary15@example.com,email
date_of_birth,1993-02-05T23:37:24,date_iso
description_val,unknown,unknown
title,Laugh walk present reduce area join.,unknown
verified,0,boolean
str_title,0.7867279930766142,unknown
str_contact_mail,usimon@example.net,email
verified,true,boolean
description,0.9989853086587722,unknown
name,N/A,unknown
date_of_birth,2011-04-11T14:13:56,date_iso
UUID,e1453bfc-af00-49a7-80e1-b4275871a10d,uuid
website,http://www.casey.info/,url
LINK,https://www.dominguez.com/,url
random_key,Henry Krause,unknown
user_id,725272,numeric_id
user-email,emilyjohnson@example.com,email
user_id_val,688660,numeric_id
val_id,d9a4cd9f-ee9d-4df5-a706-626b1ad9027e,uuid
Title,Taylor Calhoun,unknown
url,https://romero.com/,url
str_id,98700,numeric_id
UserId,67d02e7a-c274-49ae-80c5-d17e87e7b162,uuid
name,N/A,unknown
email_address,luis51@example.org,email
random_key,Body some if current.,unknown
random-key,N/A,unknown
val_website,https://walters.com/,url
val_link,http://www.bennett.biz/,url
Description,Wind six establish outside surface admit.,unknown
email,james29@example.com,email
description,0.8231555578551968,unknown
description_val,Low arm fill something.,unknown
url_val,http://www.stone.org/,url
metadata,Role describe outside general.,unknown
updated_at,2023-09-06T18:45:18,date_iso
description,unknown,unknown
val_user_email,ashley95@example.net,email
email,laraderrick@example.net,email
contact_mail,janet60@example.org,email
str_guid,d3f88bf7-31fa-4e31-898a-b7cf2e0935dc,uuid
title,Board hit kid administration pass drive recent or.,unknown
val_enabled,0,boolean
DESCRIPTION,N/A,unknown
val_random_key,0.17621184638384746,unknown
IS_ACTIVE,1,boolean
val_name,Public pass theory budget else.,unknown
id,fe025dc6-1fdf-420f-8baa-0ee52c36488a,uuid
is_active_val,1,boolean
email,lisacarr@example.net,email
user_id,aa191420-b595-4069-a438-a3ea98e53840,uuid
UpdatedAt,1978-08-14T20:15:26,date_iso
val_avatar_url,https://lane.com/,url
Email,dawsonchristopher@example.org,email
id,534233,numeric_id
avatarUrl,https://berg.biz/,url
titl,unknown,unknown
UserId,210756,numeric_id
customer-id,311874,numeric_id
Metadata,unknown,unknown
date_of_birth,2011-10-11T23:54:35,date_iso
val_contact_mail,gspears@example.net,email
link_val,https://www.reyes.com/,url
avatar_url,http://www.booth-anderson.org/,url
description,N/A,unknown
user-id,516591,numeric_id
Website,http://buck.biz/,url
description,White create leg door individual theory feeling letter.,unknown
has_access,1,boolean
is_active,true,boolean
customer_id,943076,numeric_id
verified,1,boolean
str_order_id,234629,numeric_id
has_access_val,0,boolean
timestamp,1984-12-18T14:06:06,date_iso
val_website,https://henderson-fisher.com/,url
random_key,0.8213493266346125,unknown
str_title,N/A,unknown
date_of_birth_val,2003-03-01T13:43:58,date_iso
id,574240,numeric_id
str_id,7df4f2a4-abad-4f3f-a1d0-7fc707605bc1,uuid
SESSION_ID,802b3003-54da-4bc2-9488-405af8924d9a,uuid
user_id,90b0f491-ed48-46ab-886f-4b35bcd7d678,uuid
UserEmail,bradshawleslie@example.net,email
order_id,708298,numeric_id
UUID,f898a744-5298-4f64-bb7c-1ab94cb25917,uuid
link_val,http://mason.biz/,url
Title,unknown,unknown
IsActive,false,boolean
guid,d6e59719-a2f8-406a-aa4b-6b48ad11e3a1,uuid
DATE_OF_BIRTH,1989-03-27T21:26:22,date_iso
val_name,N/A,unknown
Metadata,N/A,unknown
emailAddress,nicole82@example.com,email
randomKey,unknown,unknown
TITLE,unknown,unknown
ID,6da5a1d4-d1dc-403e-a097-3026e1e25f2d,uuid
timestamp,2023-01-23T01:03:07,date_iso
Verified,True,boolean
description,0.5166197057346071,unknown
verified_val,False,boolean
user_emai,thomaskristin@example.org,email
RANDOM_KEY,0.5703290198615413,unknown
random_key_val,unknown,unknown
user_id,96079d4d-684a-4ded-8c00-71c2d31ccfce,uuid
title,N/A,unknown
name,House grow executive.,unknown
created_at_val,1993-09-15T06:28:58,date_iso
str_user_id,54fd6c2c-be2f-4355-969f-488acb98f13c,uuid
guid,8eea8fe0-f049-4500-bf65-f422f13b1dd1,uuid
url,https://holloway.com/,url
verified,1,boolean
link,http://todd.net/,url
description,Karen Garza,unknown
id,c42cd01f-8c6a-401f-81ba-29663a66fc2e,uuid
description_val,Shane Gomez,unknown
str_link,http://www.miller.com/,url
NAME,City fast growth suddenly skill Mr.,unknown
USER_EMAIL,uwagner@example.net,email
enabled,True,boolean
link_val,https://clark.com/,url
random_key,unknown,unknown
url,https://www.weber.com/,url
val_email,matthew37@example.com,email
url,https://www.chapman-stevens.com/,url
timestamp,1991-09-11T14:54:50,date_iso
user-id,4603bcbb-ec61-4bea-8a31-dd6ba1d42e5e,uuid
email,david84@example.org,email
user_id,dca88e63-15bf-4ad8-82b3-869f06b80df1,uuid
val_timestamp,2008-05-17T20:28:03,date_iso
Description,N/A,unknown
ENABLED,true,boolean
link,http://www.lee-washington.com/,url
str_has_access,0,boolean
emailAddress,igordon@example.org,email
updated_at,2022-07-21T04:22:17,date_iso
Enabled,True,boolean
str_email_address,braunsean@example.net,email
ContactMail,mcclainvictor@example.com,email
contact_mail,hoopernatasha@example.net,email
CustomerId,461187,numeric_id
email,jenningsisabel@example.com,email
NAME,N/A,unknown
ID,763132,numeric_id
val_website,https://clark.com/,url
url,https://www.terry.com/,url
user_id_val,220861,numeric_id
name,Instead catch base.,unknown
title,0.7630083974037427,unknown
str_timestamp,2010-10-03T11:41:33,date_iso
val_timestamp,1978-05-27T09:33:42,date_iso
random-key,Each throw across you support house detail.,unknown
CREATED_AT,1994-11-02T19:59:55,date_iso
description,Kathryn Gonzalez,unknown
DESCRIPTION,Once where between by economy lose.,unknown
val_email_address,smithheather@example.com,email
link,http://www.martin.com/,url
eml,pittsloretta@example.org,email
val_email,vmitchell@example.org,email
session_id,e24ba303-4d45-43ca-8f15-e7c29d7865e4,uuid
contact_mail,trujillolinda@example.com,email
ID,273091,numeric_id
CREATED_AT,2007-08-26T07:11:37,date_iso
email,nathanadams@example.com,email
str_session_id,1e45d48e-a0ec-4f94-8c0b-71a04c3089c4,uuid
id,920484,numeric_id
url,https://carroll.info/,url
title,Ten provide system.,unknown
IsActive,1,boolean
metadata,N/A,unknown
enabled_val,False,boolean
email,wtucker@example.com,email
description,unknown,unknown
url,https://washington-perkins.net/,url
TIMESTAMP,1989-05-02T11:26:44,date_iso
val_description,0.45177957489991405,unknown
enabled_val,true,boolean
val_user_email,colonsamuel@example.com,email
session_id,4772b923-a03e-45fa-86ac-8dabf1269efa,uuid
CUSTOMER_ID,248472,numeric_id
Id,8baaaa98-c100-4d22-b560-786400e874a1,uuid
email,ugarcia@example.org,email
title,unknown,unknown
eml_addr,joseph63@example.net,email
Title,unknown,unknown
TITLE,Olivia Brown,unknown
ContactMail,richard46@example.com,email
eml_addr,stevenritter@example.com,email
val_website,https://glenn.com/,url
Id,669473,numeric_id
RANDOM_KEY,Town animal allow floor form less.,unknown
ContactMail,guzmanjames@example.org,email
WEBSITE,http://www.kelley.org/,url
val_created_at,1973-08-01T23:37:04,date_iso
user_eml,valentinechelsea@example.net,email
UPDATED_AT,2002-12-01T17:57:55,date_iso
user_eml,bradleyhart@example.net,email
gui,a14b4516-bfdc-433d-af84-6e4ff8bbf4f2,uuid
metadata,Weight senior change still.,unknown
str_title,John Bond,unknown
val_name,N/A,unknown
id,dbacc80b-9376-4333-a652-79e977857b0e,uuid
verified,True,boolean
Title,unknown,unknown
id,205123,numeric_id
customer_id_val,955696,numeric_id
email,pwise@example.net,email
session_id_val,68dbb660-5317-4419-9638-6db845091b67,uuid
title,John Wilson,unknown
session_id,2ad0a4ec-37c9-4d94-8dc3-dac6eaec8cc3,uuid
user_email,adrian75@example.com,email
str_user_email,qgriffin@example.com,email
id,754255,numeric_id
url_val,http://taylor.biz/,url
name_val,Somebody tell yourself site.,unknown
title,unknown,unknown
name,Stephanie Stanton,unknown
timestamp_val,1975-10-28T05:43:29,date_iso
str_name,unknown,unknown
uuid,869cb33a-8cf5-4d3d-a19a-4ff42df8bf63,uuid
RandomKey,Across manage recognize hand win no performance.,unknown
GUID,a90b23e3-418a-45b8-ace7-07e61db24030,uuid
title_val,Matthew Merritt,unknown
str_guid,adfc757c-d75f-495c-bb7a-61f9a60998e6,uuid
enabled_val,0,boolean
verified,false,boolean
description,Steven Winters,unknown
val_name,N/A,unknown
contact-mail,bhoffman@example.org,email
link,https://williams.com/,url
val_email_address,qmurphy@example.com,email
val_url,http://www.rice.com/,url
user-id,83346921-10a6-4fb4-9c44-91486b3e4139,uuid
created_at,1986-04-18T09:44:17,date_iso
val_updated_at,2024-01-28T15:37:10,date_iso
email_val,corey60@example.net,email
id,151312,numeric_id
customer_id,192364,numeric_id
val_metadata,Jonathan Francis,unknown
uuid,434b88a9-11a4-4f14-9af6-790b1561eae1,uuid
description,0.6599598786813092,unknown
metadata,unknown,unknown
updated_at,1971-12-13T13:13:34,date_iso
str_id,980402,numeric_id
str_description,Jasmine Mcbride,unknown
name,Everything method official able last.,unknown
user_id_val,6a5dc265-ee24-4124-9ec3-032e7285617b,uuid
val_uuid,5c431dbb-71c5-4dcd-9769-99ff5cdb5c9a,uuid
updated-at,2009-08-22T15:39:24,date_iso
str_url,http://mitchell.info/,url
website,https://martinez.biz/,url
url,https://www.hall-gilbert.org/,url
verified,0,boolean
TITLE,0.021833035501939047,unknown
EmailAddress,mhall@example.com,email
metadata,0.7999122582855883,unknown
Description,unknown,unknown
website_val,https://www.moreno.net/,url
email,timothy19@example.org,email
user_id,48352,numeric_id
val_guid,64b49330-ea4d-49f6-8d0c-bfbdb193d93c,uuid
description,N/A,unknown
METADATA,John Boyer,unknown
id,3a9f4738-9b1c-4f72-9e31-eb39db19c764,uuid
created_at,1984-07-29T22:49:31,date_iso
name,Sydney Mitchell,unknown
random_key,N/A,unknown
id_val,356081,numeric_id
verified,true,boolean
updated-at,2023-09-24T04:44:56,date_iso
descriptio,According that billion.,unknown
str_date_of_birth,2022-08-10T03:21:02,date_iso
val_description,N/A,unknown
customer_id,705233,numeric_id
SESSION_ID,7200a82f-c097-4780-add9-960113be9d64,uuid
name,Ashlee Campbell,unknown
title_val,Gary Smith,unknown
str_user_email,francisgomez@example.net,email
is_active,0,boolean
order_id,508036,numeric_id
uuid,b9d4273a-1f8f-49d6-b62c-d1fab21d96ac,uuid
eml_addr,leahchavez@example.org,email
VERIFIED,true,boolean
guid,04a8a8c5-434e-4f38-898b-e4e3a0f3070d,uuid
customer_id_val,206769,numeric_id
URL,http://roberts.com/,url
description,0.1986003122203437,unknown
random-key,unknown,unknown
Description,unknown,unknown
created_at,1970-12-04T11:59:29,date_iso
str_email,campbelljesse@example.net,email
DESCRIPTION,0.2677409410214766,unknown
Id,825036,numeric_id
orderId,967246,numeric_id
str_title,Jeremy Thompson,unknown
Id,965984,numeric_id
contact_mail_val,frichardson@example.org,email
USER_EMAIL,eoliver@example.org,email
metadata,unknown,unknown
str_email,catherine45@example.com,email
val_description,N/A,unknown
UserId,32258,numeric_id
enabled,False,boolean
title,unknown,unknown
created_at,1987-08-15T07:21:11,date_iso
description,unknown,unknown
name,Claudia Stone,unknown
VERIFIED,false,boolean
CONTACT_MAIL,jocelynmccoy@example.net,email
str_description,Martin Abbott,unknown
TIMESTAMP,2016-07-13T22:59:35,date_iso
DESCRIPTION,Poor large respond arm company miss rich always.,unknown
customer_id,517088,numeric_id
userEmail,eugenejackson@example.net,email
id,698c7532-13ae-47c6-8aca-fc521716a0f9,uuid
Description,Nicholas Gregory,unknown
order_id_val,338474,numeric_id
verified,0,boolean
contact-mail,mclaughlinjeffrey@example.net,email
title,N/A,unknown
uuid,127e9c5a-7493-4a25-80d6-0b16e0648ce4,uuid
Guid,ae9f4e0f-be49-48fc-b286-f075a9cc0a8c,uuid
verified,True,boolean
user-id,ffaef975-fb35-489a-8295-6b98bdaa12f0,uuid
IS_ACTIVE,true,boolean
url_val,https://allen.com/,url
link_val,http://hobbs.com/,url
avatar-url,https://mendoza.com/,url
uuid,a29d7d20-8342-4804-b3c2-1a27ad9ad2ed,uuid
EmailAddress,hwatson@example.org,email
url_val,https://cook.com/,url
timestamp,1978-05-25T18:17:40,date_iso
has_access,false,boolean
url,http://douglas.com/,url
metadata,Food later respond stuff.,unknown
title,Stand recent determine money.,unknown
date-of-birth,2012-12-03T09:43:37,date_iso
random_key,0.028711100235694675,unknown
TITLE,Keep old next performance try.,unknown
val_metadata,0.4505833557239124,unknown
is-active,0,boolean
val_metadata,0.24085095035142756,unknown
id,776809ff-cd7c-46ca-afc2-5165130f46fb,uuid
HAS_ACCESS,False,boolean
customer_id_val,925858,numeric_id
updated-at,2025-08-10T17:39:50,date_iso
IsActive,True,boolean
metadata,Painting a plan employee wait.,unknown
DESCRIPTION,unknown,unknown
user_id_val,87e06f7b-bce4-4b34-9b69-bc88e101eb1b,uuid
user_email_val,kimberly36@example.com,email
Verified,True,boolean
DATE_OF_BIRTH,1982-01-04T15:17:08,date_iso
title,Brandon Fisher,unknown
name,N/A,unknown
customer_id,899082,numeric_id
has-access,1,boolean
val_website,https://arroyo.com/,url
str_uuid,02767c18-69ed-4059-a9c4-2b04b4059994,uuid
CustomerId,888053,numeric_id
metadata,Instead picture old in both after consumer up.,unknown
updated-at,1986-09-25T09:49:21,date_iso
guid,db8495f6-85c2-40e4-aaa8-6d8793b76c7d,uuid
EmailAddress,staceylewis@example.net,email
str_id,1567c473-9776-4a95-b332-deeeca6b4512,uuid
timestamp,2013-08-04T20:53:24,date_iso
hasAccess,1,boolean
str_random_key,Calvin Reed,unknown
user_id_val,921308,numeric_id
timestamp,1994-11-24T12:37:10,date_iso
metadata,Meet least season fish health produce.,unknown
ContactMail,alexis40@example.net,email
guid,ef432836-a8ca-432b-a272-52b180d8db04,uuid
str_title,Style their hold government north less professional.,unknown
RANDOM_KEY,N/A,unknown
metadata,Dr. Austin Dillon,unknown
name,Donald Flynn,unknown
description,Can kind crime concern.,unknown
val_name,Amy Bowen,unknown
random_key_val,Painting key movie whether.,unknown
val_description,0.1416861413715913,unknown
created_at,1996-12-22T22:06:45,date_iso
val_random_key,unknown,unknown
title,Environment same maintain walk set authority future already.,unknown
Verified,true,boolean
eml,valerie30@example.com,email
email,eric04@example.org,email
str_name,0.02923420874976368,unknown
has_access,0,boolean
WEBSITE,https://evans.com/,url
timestamp,1999-12-16T09:09:58,date_iso
email,marissa05@example.com,email
url,http://www.patel.com/,url
has_access,0,boolean
str_date_of_birth,2019-06-17T01:08:47,date_iso
timestamp,2005-10-07T19:58:29,date_iso
contact-mail,fosterjames@example.net,email
hasAccess,False,boolean
WEBSITE,http://www.olson.com/,url
timestamp,1976-09-02T22:07:25,date_iso
avatar_url,http://www.pierce-parsons.com/,url
timestamp,1994-07-12T07:04:03,date_iso
website,https://king-hardy.com/,url
session_id,a75ee474-31fa-4f5e-80f9-237afddd5f2e,uuid
metadata,Chris Sutton,unknown
CONTACT_MAIL,rthomas@example.org,email
date_of_birth,2026-01-11T17:06:24,date_iso
description,N/A,unknown
Title,Decision them along go.,unknown
guid_val,62b56038-ca1e-409b-87d3-bc9668fd831a,uuid
metadata,Debra Burns MD,unknown
id_val,37894,numeric_id
val_timestamp,2021-01-28T08:06:01,date_iso
Link,http://chambers.com/,url
timestamp,1995-07-15T03:24:53,date_iso
val_order_id,242383,numeric_id
contactMail,cle@example.com,email
metadata_val,0.5712528928812036,unknown
timestamp,1994-05-10T03:20:34,date_iso
avatar_url,https://www.cuevas-carter.org/,url
nam,unknown,unknown
guid,d5ccf054-3696-444d-96e4-e4beabef94df,uuid
contact-mail,lynnkatherine@example.org,email
avatar_url,https://guerra.org/,url
date_of_birth,2003-10-01T21:23:29,date_iso
RANDOM_KEY,Day magazine station.,unknown
NAME,0.813716450284379,unknown
val_uuid,35e2eca7-75ec-4689-84b7-078a0530b6d0,uuid
description,Adam Wilkerson DDS,unknown
name_val,Melanie Moon,unknown
guid,e59ae7f2-8c59-478a-81da-56c831a08b6e,uuid
user_id,640148,numeric_id
random_key,N/A,unknown
SessionId,23b95325-8c41-4377-8f46-094c46ce7904,uuid
avatar-url,https://www.curtis.com/,url
OrderId,501689,numeric_id
val_website,https://www.keller.biz/,url
AVATAR_URL,http://dixon-robinson.com/,url
TITLE,0.7704295317068128,unknown
created_at,2012-08-24T23:13:18,date_iso
Enabled,1,boolean
metadata,Agent material million drive world water choice travel.,unknown
has_access_val,False,boolean
date_of_birth,1987-08-07T09:52:46,date_iso
is-active,false,boolean
id,518770,numeric_id
val_email_address,vdavis@example.com,email
created_at,2024-04-14T16:33:27,date_iso
url,http://www.shaw.com/,url
guid,bd3ac803-89b1-4a36-920d-6a5c118c9029,uuid
name,0.34978369472756654,unknown
id,353787,numeric_id
val_guid,a7df0963-a9c8-45d9-b742-bca3ddcf9f66,uuid
val_email_address,drivas@example.com,email
verified,false,boolean
str_link,https://proctor-thompson.com/,url
str_user_id,0c004e55-1e96-41f1-a5bd-9d445433d303,uuid
Email,mollylewis@example.org,email
user_id_val,332882,numeric_id
UserEmail,nicolebrennan@example.com,email
name_val,Steven Duncan,unknown
metadata_val,unknown,unknown
name,unknown,unknown
random_key,N/A,unknown
str_email,michelle70@example.net,email
name,0.8592474655221217,unknown
title,0.27667586391232657,unknown
ContactMail,yhall@example.net,email
str_metadata,N/A,unknown
val_description,N/A,unknown
RANDOM_KEY,James Carter,unknown
val_metadata,unknown,unknown
RandomKey,George Fernandez,unknown
created_at,1996-02-25T00:25:55,date_iso
session_id_val,beae7a5d-892b-4057-8897-e1d5d0575d12,uuid
avatarUrl,http://robbins.org/,url
HAS_ACCESS,1,boolean
TIMESTAMP,1998-05-06T16:13:22,date_iso
verified,true,boolean
contact_mail_val,hmeyer@example.com,email
user-email,perezmorgan@example.net,email
id,680656,numeric_id
eml,ocarr@example.com,email
order_id,470195,numeric_id
user-id,471387,numeric_id
userEmail,greeneparker@example.com,email
str_title,unknown,unknown
date_of_birth,1991-02-20T08:43:47,date_iso
avatar-url,https://strickland.info/,url
contact-mail,vargaskatie@example.com,email
has_access,true,boolean
ID,5c94502a-3ff9-4d78-897c-c512170e998e,uuid
title,N/A,unknown
customer_id,778165,numeric_id
userId,578836,numeric_id
CustomerId,684070,numeric_id
metadata,unknown,unknown
order_id,850546,numeric_id
orderId,901022,numeric_id
val_id,921083,numeric_id
Id,144511,numeric_id
avatar_url,http://duran.biz/,url
hasAccess,true,boolean
UserId,769aa0e0-52ee-4018-9944-6ec163d337e4,uuid
is_active,false,boolean
UPDATED_AT,2003-03-04T15:17:49,date_iso
has_access_val,False,boolean
val_avatar_url,http://www.davies.org/,url
avatar_url,http://www.mahoney.com/,url
link_val,https://adams.biz/,url
name_val,unknown,unknown
id,af5b050b-96dc-4770-b696-f6fe9e89e177,uuid
date-of-birth,2008-09-14T19:43:09,date_iso
Website,http://www.wise-torres.com/,url
website,https://www.daniel.com/,url
name,unknown,unknown
title,unknown,unknown
verified,1,boolean
randomKey,Social image none cup.,unknown
created_at,2017-10-02T14:07:56,date_iso
str_guid,1015f6eb-9f4c-42fb-a20b-b7ce110dd1f6,uuid
avatar_url,http://lowe.org/,url
description,Robert Perry,unknown
eml_addr,bradleywashington@example.com,email
metadata,We six reality black and sort natural.,unknown
val_name,unknown,unknown
random-key,0.6805821104716675,unknown
metadata,Group pretty growth strong benefit less.,unknown
str_user_email,maria33@example.net,email
val_metadata,unknown,unknown
Url,http://www.hall-moody.net/,url
val_user_id,565264,numeric_id
created_at_val,1991-12-09T06:21:12,date_iso
verified,true,boolean
enabled,true,boolean
userId,f6bae494-2375-4525-be96-50f53065c059,uuid
timestamp,1986-05-23T08:00:46,date_iso
title,unknown,unknown
description,Brooke Lee,unknown
updated_at_val,1999-05-04T08:30:41,date_iso
title,N/A,unknown
random_key,Christopher Vargas,unknown
createdAt,1996-08-03T01:35:02,date_iso
enabled,1,boolean
val_user_id,75168,numeric_id
description,N/A,unknown
val_contact_mail,charles91@example.net,email
val_metadata,0.6491429370273022,unknown
TITLE,0.488492659623485,unknown
UpdatedAt,2016-12-03T01:35:13,date_iso
user_id,16152,numeric_id
id,a50fdc1d-605c-4560-b106-6ca34f7bca3f,uuid
created-at,2006-01-22T14:55:01,date_iso
title,0.46877482734937714,unknown
AVATAR_URL,https://www.ramirez.com/,url
has_access,true,boolean
CONTACT_MAIL,davisjuan@example.com,email
str_session_id,31aa7b6d-b89f-4c00-9a44-0c6762af8f60,uuid
Name,Michelle Blair,unknown
str_created_at,1998-03-05T06:20:09,date_iso
metadata,Sandy Parks,unknown
val_random_key,Property fine behavior.,unknown
random-key,Deal first guess training outside always stand go.,unknown
order_id,41514,numeric_id
avatar_url_val,https://cruz.com/,url
url,http://lee.com/,url
val_title,N/A,unknown
str_customer_id,803740,numeric_id
email,bakersharon@example.org,email
ID,529335,numeric_id
id,cdc4abbb-5fd9-4607-955c-4c83ac4dff80,uuid
val_random_key,unknown,unknown
Guid,45e00871-1551-4c0c-b8be-4ac661866bc8,uuid
title,Until program answer.,unknown
website,https://santana.com/,url
metadata,Danielle Smith,unknown
user-id,176497,numeric_id
date_of_birth_val,1984-01-20T05:14:32,date_iso
description,Follow keep store.,unknown
EMAIL_ADDRESS,davidfriedman@example.org,email
userEmail,matthewsmith@example.net,email
avatar-url,https://miller.biz/,url
email-address,ewingamy@example.com,email
order_id,845288,numeric_id
UUID,60980fe8-4f43-41b3-9ac3-3cf02cc0e5bb,uuid
title,N/A,unknown
verified,False,boolean
name,N/A,unknown
str_enabled,1,boolean
AvatarUrl,http://griffin.info/,url
guid_val,edffef21-aa39-4640-b407-a64e519126de,uuid
verified,true,boolean
metadata,Economy morning cold challenge.,unknown
Id,317363,numeric_id
val_user_id,ba852c4b-0d94-47c7-8295-b57627a5d392,uuid
val_updated_at,2005-02-27T10:02:20,date_iso
VERIFIED,False,boolean
description,0.33565284205437673,unknown
timestamp,1999-06-30T08:48:29,date_iso
updated_at,1973-10-22T19:25:34,date_iso
ENABLED,False,boolean
id_val,29685,numeric_id
orderId,515322,numeric_id
name,0.701849171664571,unknown
val_random_key,Rodney Meyer,unknown
contact_mail_val,susan05@example.org,email
str_url,https://www.clayton.com/,url
hasAccess,true,boolean
Metadata,Order store reach whatever agency charge art way.,unknown
website,http://peters.com/,url
str_enabled,False,boolean
email,darryl08@example.com,email
dateOfBirth,2000-09-07T09:10:33,date_iso
str_title,Pamela Wood,unknown
str_session_id,6d6d3fd8-44ce-4374-9dd8-592191b703ce,uuid
str_link,https://www.avery.com/,url
str_created_at,1994-11-15T16:07:53,date_iso
has_access_val,True,boolean
name_val,N/A,unknown
val_description,Jimmy Atkins,unknown
USER_ID,543623,numeric_id
url,https://casey.org/,url
LINK,http://hanson.info/,url
DESCRIPTION,All serious despite after cultural effect.,unknown
name,Believe skill final whom mission family their.,unknown
metadata,Finally American recent order.,unknown
link,http://fernandez.com/,url
description,0.0039220120335904385,unknown
Url,https://www.lopez.org/,url
str_guid,ed6f308f-4bec-45da-acff-4efbdd3cce37,uuid
session_id,6eb3c36a-73a9-4fbf-8b7e-16003a4107eb,uuid
user_id,004f226d-fa3a-4e38-bcc7-921e175b8f0d,uuid
website,https://www.grant-kent.com/,url
str_avatar_url,https://www.rice-gonzalez.info/,url
eml_addr,vincent64@example.com,email
has_acces,True,boolean
val_is_active,False,boolean
val_user_id,239961,numeric_id
str_title,Kirk Conrad,unknown
str_random_key,Personal yourself world should kind.,unknown
random_key_val,N/A,unknown
description,unknown,unknown
avatar_url,https://www.dawson-todd.info/,url
str_name,unknown,unknown
val_created_at,1984-10-10T05:29:27,date_iso
id,68cba9e9-3b6d-4f8c-8fbd-f933ac658ec9,uuid
email,abbottnicole@example.com,email
val_url,http://rivas.net/,url
avatarUrl,https://mcdonald.com/,url
AVATAR_URL,https://www.jackson-morton.biz/,url
guid,234482df-7f37-49f0-805b-0b5d42c635ac,uuid
str_guid,686e1f2e-7b7a-4373-8e59-e3d8648326dc,uuid
id_val,324916c5-9685-4db6-86b1-a8bf8c2ea0de,uuid
orderId,432508,numeric_id
date_of_birth,2013-02-08T21:08:47,date_iso
title_val,Theresa Leonard,unknown
timestamp,1992-10-04T07:50:14,date_iso
name,0.31025352006252815,unknown
website_val,http://fleming.info/,url
email,whitesierra@example.org,email
created_at,2019-05-20T09:25:32,date_iso
website,https://www.graves-harris.com/,url
id,68c933cc-e6a6-4144-9159-12dbbb867b20,uuid
url,https://www.neal.biz/,url
session_id,bd19fd71-eb01-495c-994b-fabdeb23143e,uuid
updated-at,2015-12-04T20:33:56,date_iso
email,clementskenneth@example.org,email
updatedAt,2001-02-08T16:41:57,date_iso
title,Certain north people stuff.,unknown
val_timestamp,2017-08-03T22:05:00,date_iso
title,unknown,unknown
NAME,Two threat name spring professor.,unknown
avatar_url,https://paul.com/,url
updated-at,1984-07-27T19:48:33,date_iso
id_val,990371,numeric_id
UserEmail,gweber@example.com,email
val_created_at,2006-11-10T06:00:00,date_iso
userEmail,paula96@example.net,email
EMAIL_ADDRESS,cynthia30@example.com,email
emailAddress,harrischristopher@example.com,email
user_id,86960,numeric_id
user-email,josephbrewer@example.org,email
val_enabled,True,boolean
contactMail,robinsonjames@example.net,email
title,unknown,unknown
Link,https://www.matthews-walters.biz/,url
str_user_email,paul18@example.com,email
email_address_val,shirleygross@example.com,email
Link,http://www.webster.info/,url
random_key,Teresa Cervantes,unknown
val_has_access,true,boolean
str_enabled,1,boolean
timestamp_val,1993-08-03T22:54:47,date_iso
str_random_key,Melissa Carroll,unknown
title,Dennis Johnson,unknown
ENABLED,true,boolean
val_contact_mail,suttonkristen@example.net,email
description,0.2806740408375984,unknown
created-at,2003-06-27T18:46:12,date_iso
updatedAt,1997-06-30T19:40:26,date_iso
contact_mail,mhernandez@example.org,email
name,Interesting discover worry hospital over agree.,unknown
link_val,https://willis.com/,url
website,http://cummings.com/,url
str_user_email,anewman@example.net,email
Email,gholland@example.net,email
val_created_at,2018-12-26T20:07:52,date_iso
name,Send me throughout tough add part expect start.,unknown
email,lindagriffith@example.net,email
val_title,0.6540014943956304,unknown
randomKey,0.8108773887064954,unknown
Name,Susan Gilmore,unknown
created_at,1990-09-07T19:47:01,date_iso
val_email,melodyabbott@example.com,email
metadata,N/A,unknown
UpdatedAt,1993-10-18T17:55:02,date_iso
avatar-url,http://www.brown.com/,url
user_id_val,78750,numeric_id
enabled,True,boolean
description,0.49133432599805316,unknown
CreatedAt,2002-01-14T20:42:43,date_iso
UUID,35e151a0-c16e-4643-aed1-dd1951c69707,uuid
RANDOM_KEY,Better result clearly dream.,unknown
dateOfBirth,1981-03-11T00:58:39,date_iso
metadata,South consider debate need require debate home.,unknown
UserId,966613,numeric_id
GUID,ec9513bb-37b8-4dd1-b08a-d17f90b4fd55,uuid
URL,http://www.chavez.net/,url
user-email,susanblackwell@example.org,email
user_id,bb2410c7-31ae-4b37-8976-b6eea0de1081,uuid
ID,94c6392f-0115-4783-80ac-02e362a4846e,uuid
ID,3ec2e95d-d25f-4413-8ff0-574fd9e6dbbb,uuid
id,ba8122ca-861f-44fc-aa4f-cbbbbd30a244,uuid
has_access,false,boolean
eml_addr,bmendoza@example.org,email
user_email_val,elizabethbryan@example.org,email
Guid,620ec4c3-8f4c-48dc-9dab-280b7cc7855f,uuid
str_email,jessica99@example.net,email
user_id,167629,numeric_id
Id,423045,numeric_id
avatar_url,http://www.gilmore-mack.info/,url
name,0.9767457796468623,unknown
str_id,8fd69dc0-8361-40a5-b308-619166d9e75e,uuid
val_is_active,true,boolean
str_contact_mail,nathan97@example.net,email
created_at,1995-06-29T03:55:06,date_iso
ID,e0b49c62-8cc4-4e96-bef6-1772648def1e,uuid
str_avatar_url,https://rhodes-norton.com/,url
metadata,N/A,unknown
description,Send eight range.,unknown
TITLE,Third special knowledge moment movement race.,unknown
METADATA,unknown,unknown
Link,http://morrison.net/,url
contact_mail,ccervantes@example.org,email
Url,https://www.nguyen.net/,url
ORDER_ID,337102,numeric_id
description,unknown,unknown
order_id,374704,numeric_id
name_val,Tyler Lucas,unknown
Link,http://morgan.com/,url
user-email,reidsamuel@example.net,email
updated-at,2000-08-28T09:37:40,date_iso
description,Group note attack adult almost evening.,unknown
contact_mail_val,audreyforbes@example.org,email
order_id,267935,numeric_id
timestamp,2015-10-31T20:45:36,date_iso
sessionId,72eae0a2-dc1e-43d3-9d2f-6d4d0ddf8e99,uuid
createdAt,2011-01-12T05:37:18,date_iso
timestamp,2017-02-15T00:47:46,date_iso
enabled,False,boolean
metadat,N/A,unknown
customer_id_val,67955,numeric_id
DESCRIPTION,Claudia Sullivan,unknown
uuid,0f1ac562-5df0-497e-83b9-b1da6e822131,uuid
RandomKey,Check when PM next quite certain.,unknown
metadata,Patricia Cook,unknown
userEmail,nmosley@example.org,email
email,courtneyross@example.com,email
random_key,N/A,unknown
val_random_key,unknown,unknown
date_of_birth,2005-12-22T23:11:00,date_iso
val_avatar_url,https://rivera.org/,url
name,unknown,unknown
description,unknown,unknown
str_metadata,N/A,unknown
random_key,Steven Hurley,unknown
val_description,N/A,unknown
random_key,unknown,unknown
email,vancekaren@example.com,email
name_val,David Burns MD,unknown
customerId,992094,numeric_id
url,http://smith-anderson.com/,url
UserEmail,maypeter@example.org,email
eml_addr,pamela18@example.com,email
avatarUrl,https://espinoza.com/,url
str_title,Richard Edwards,unknown
user_id_val,b43a4bd1-5d7e-489a-872a-b5f6cf801996,uuid
DateOfBirth,2000-08-05T04:15:50,date_iso
Verified,True,boolean
str_has_access,true,boolean
website,http://gibbs-hall.com/,url
CREATED_AT,2015-12-01T17:43:07,date_iso
updated_at,1997-08-19T03:45:12,date_iso
val_customer_id,314685,numeric_id
Id,336025,numeric_id
str_email_address,benjamin49@example.org,email
enabled,1,boolean
str_email,jamescrane@example.com,email
link,http://www.holt.info/,url
timestamp_val,1990-03-16T08:46:47,date_iso
email,hickmanfrank@example.net,email
date_of_birth,2000-01-14T15:09:06,date_iso
str_enabled,0,boolean
str_date_of_birth,1979-11-06T16:51:26,date_iso
str_user_id,2855,numeric_id
uuid,7c978857-5db6-4631-8516-271296800c95,uuid
website,http://rose.com/,url
userEmail,garrett25@example.org,email
title,May his front fear term class employee.,unknown
metadata,0.9495452332693338,unknown
CONTACT_MAIL,yvalencia@example.com,email
Website,https://rodriguez.com/,url
METADATA,unknown,unknown
HasAccess,true,boolean
str_id,441556,numeric_id
description,N/A,unknown
id,361273,numeric_id
str_session_id,1511ffee-8ee9-45db-966e-749d61b5b2da,uuid
description,unknown,unknown
id,400761,numeric_id
title,Karen Patrick,unknown
Title,Jim Reed,unknown
val_email,pjohnson@example.net,email
str_description,0.7646115385442531,unknown
metadat,0.6544781802705414,unknown
url,http://www.cherry.com/,url
createdAt,1999-06-27T04:14:10,date_iso
val_user_id,297975,numeric_id
val_user_id,135632,numeric_id
val_id,942549,numeric_id
title,N/A,unknown
title,N/A,unknown
RandomKey,Adrian Hernandez,unknown
verified,0,boolean
is_active,0,boolean
str_metadata,Reveal industry interview my.,unknown
Metadata,0.4809463506559233,unknown
updated_at,1990-07-30T10:52:13,date_iso
updated_at,2017-06-18T14:05:14,date_iso
url,http://berg-graham.com/,url
id,dbbc6bc4-6a9f-4fd7-8ba6-0c9e3cb35ca7,uuid
description,Even number itself table expert.,unknown
created_at_val,1979-10-31T13:44:26,date_iso
created_at,1977-03-29T06:19:39,date_iso
str_user_id,53c6471c-201c-4dff-9bcc-b2ab379f33e4,uuid
metadata,unknown,unknown
user_id,25d87efb-96fd-4d59-8562-8281052fa15a,uuid
eml,michelle89@example.com,email
email,johnstephenson@example.com,email
has-access,false,boolean
description,unknown,unknown
is_active,True,boolean
metadata_val,Albert Reynolds,unknown
val_random_key,N/A,unknown
user_eml,dfloyd@example.net,email
val_random_key,0.6924968010439261,unknown
str_guid,a4dbbf75-04fc-4576-92bb-18cfe3b01b7f,uuid
customerId,19893,numeric_id
str_link,https://frazier.com/,url
created_at_val,1991-06-09T03:25:21,date_iso
val_metadata,Realize animal read environment enter TV reflect.,unknown
val_random_key,N/A,unknown
val_created_at,2002-10-10T08:35:21,date_iso
has_access,1,boolean
title,0.13483010976764642,unknown
str_verified,false,boolean
description,unknown,unknown
date_of_birt,1971-01-22T11:13:51,date_iso
customer_id,815343,numeric_id
id,646443,numeric_id
CustomerId,652866,numeric_id
RandomKey,0.23092193568895314,unknown
ID,685374,numeric_id
id,216297,numeric_id
METADATA,Husband get effect expert safe difficult.,unknown
timestamp_val,1979-12-19T14:35:00,date_iso
guid,367ad43f-e1b9-4554-bb8c-13d187501b1e,uuid
val_title,unknown,unknown
str_id,b8fcc834-3b02-486c-aaeb-543461e5db18,uuid
description,N/A,unknown
CreatedAt,1979-10-04T18:01:40,date_iso
enabled,True,boolean
val_user_id,b5812ae9-0ee2-4ba4-bddb-36bf2f67a09e,uuid
website,http://www.newton.net/,url
updatedAt,2008-09-24T11:33:50,date_iso
eml_addr,zbrown@example.com,email
val_link,http://www.haney.com/,url
DESCRIPTION,Bill Rice,unknown
url_val,http://www.melendez-brock.org/,url
metadata,Tracy Hall,unknown
random_key,0.022042506556507857,unknown
Uuid,134bdca4-2192-49cd-b16a-ebe5e8620a92,uuid
Metadata,N/A,unknown
UserId,565685,numeric_id
random_key_val,0.2897315774999535,unknown
str_url,http://www.taylor.com/,url
Verified,True,boolean
url,http://www.cameron.com/,url
link,https://rogers-cannon.info/,url
user_id,7654a2d5-9443-4f34-a8bf-7d23fc1f9fd5,uuid
HAS_ACCESS,False,boolean
avatar_url,http://www.murray.com/,url
url_val,http://www.harrison.org/,url
Name,N/A,unknown
id,27370,numeric_id
str_has_access,false,boolean
userId,922606,numeric_id
name,N/A,unknown
UserId,969098,numeric_id
Guid,8f1df966-1591-46ae-ad0d-a1207fc7c297,uuid
contactMail,ldyer@example.net,email
name_val,N/A,unknown
contact_mail_val,michelevincent@example.net,email
guid,6b6f9dd1-ce46-4a9e-8c73-03e0c2263639,uuid
is_active,0,boolean
emailAddress,eric77@example.org,email
UUID,63d9f185-63fe-4f56-9454-cab45a1e5bad,uuid
verified,true,boolean
random-key,N/A,unknown
CUSTOMER_ID,36680,numeric_id
metadata,N/A,unknown
dateOfBirth,2023-10-02T17:44:02,date_iso
ID,92000,numeric_id
val_random_key,Jon Reynolds,unknown
RANDOM_KEY,Chelsea Richmond,unknown
user_id,2d82bbe0-a699-4a37-872e-10c75909a5db,uuid
user-id,ba89e8ad-557d-4cef-b687-9c15e8981bbe,uuid
metadata_val,Johnny Carter,unknown
emailAddress,chaseerica@example.com,email
isActive,1,boolean
val_user_email,briana75@example.net,email
avatar_url_val,http://martin-thompson.biz/,url
RANDOM_KEY,Shannon Smith,unknown
name_val,One their letter these be.,unknown
guid_val,ae9753c5-93e0-40d1-a6b1-8ac26bb2a2b2,uuid
val_user_email,rturner@example.com,email
USER_ID,290071,numeric_id
name,unknown,unknown
Verified,1,boolean
order_id_val,385492,numeric_id
name,Stephen Fernandez,unknown
Uuid,533504e2-fe13-4086-817c-8ac13b3d4fe3,uuid
str_order_id,955732,numeric_id
updatedAt,1973-08-12T00:54:19,date_iso
random_key_val,N/A,unknown
id,878969,numeric_id
user_id_val,652575,numeric_id
random_ke,Ronald Tran III,unknown
name_val,Board network type space.,unknown
avatar_url,http://steele-holmes.org/,url
random-key,Note hot approach week hour weight.,unknown
id,ba80bdaf-26cd-49f6-9ca2-651d74e3110b,uuid
str_random_key,Government front happy radio join deep.,unknown
website,https://www.scott.org/,url
METADATA,N/A,unknown
str_session_id,e052b075-6da4-40ff-bdb0-56c09ace4b60,uuid
user_id,799896,numeric_id
metadata,N/A,unknown
str_uuid,51566062-b3c7-458e-97e1-fbdfdad94fcb,uuid
id_val,699850,numeric_id
random_key,Full that how increase cover girl back.,unknown
UpdatedAt,1972-11-16T02:59:07,date_iso
